claim_id,member_id,claim_date,settlement_date,claim_amount,settled_amount,claim_status,rejection_reason,agent_id,region,claim_type,turnaround_days
CLM00001,MEM0328,2022-08-17,2022-09-10,485260.94,0,Rejected,Policy Lapsed,AGT008,East,Full Withdrawal,24
CLM00002,MEM0045,2024-05-14,2024-05-20,476344.05,413644.56,Settled,,AGT003,North,Full Withdrawal,6
CLM00003,MEM0367,2024-05-09,,592471.88,0,Pending,,AGT019,West,Partial Withdrawal,
CLM00004,MEM0389,2022-11-23,,353185.02,0,Pending,,AGT009,East,Disability,
CLM00005,MEM0173,2022-07-29,2022-08-19,750009.79,706613.09,Settled,,AGT004,West,Full Withdrawal,21
CLM00006,MEM0374,2024-07-29,2024-08-20,1126479.23,0,Rejected,Duplicate Claim,AGT003,West,Full Withdrawal,22
CLM00007,MEM0296,2023-01-29,,1557483.26,0,Pending,,AGT008,North,Full Withdrawal,
CLM00008,MEM0438,2023-04-22,2023-04-30,934150.09,0,Rejected,Duplicate Claim,AGT009,West,Full Withdrawal,8
CLM00009,MEM0182,2023-03-06,2023-03-26,1288207.66,964894.27,Settled,,AGT020,North,Death Benefit,20
CLM00010,MEM0195,2023-07-07,2023-08-01,496643.74,407421.41,Settled,,AGT002,East,Partial Withdrawal,25
CLM00011,MEM0034,2023-03-09,,821482.21,0,Pending,,AGT016,South,Death Benefit,
CLM00012,MEM0235,2022-10-20,2022-12-11,1502728.52,1315452.18,Settled,,AGT008,South,Death Benefit,52
CLM00013,MEM0460,2024-03-28,2024-04-05,1043576.27,1000091.36,Settled,,AGT005,South,Death Benefit,8
CLM00014,MEM0079,2022-11-24,,794157.61,0,Pending,,AGT013,North,Disability,
CLM00015,MEM0271,2023-05-30,2023-06-12,1514211.71,0,Rejected,Incomplete Documentation,AGT018,North,Full Withdrawal,13
CLM00016,MEM0151,2024-06-09,,1909941.06,0,Pending,,AGT001,West,Partial Withdrawal,
CLM00017,MEM0135,2024-10-22,2024-11-08,1691255.23,1261425.72,Settled,,AGT010,North,Partial Withdrawal,17
CLM00018,MEM0391,2022-11-27,,87979.65,0,Pending,,AGT016,East,Full Withdrawal,
CLM00019,MEM0450,2023-09-22,,1762118.72,0,Pending,,AGT008,North,Partial Withdrawal,
CLM00020,MEM0044,2024-09-22,,1336514.1,0,Pending,,AGT005,South,Full Withdrawal,
CLM00021,MEM0085,2023-06-27,2023-07-22,1522767.13,0,Rejected,Duplicate Claim,AGT018,South,Disability,25
CLM00022,MEM0205,2024-02-04,2024-02-10,533415.95,467535.14,Settled,,AGT004,West,Disability,6
CLM00023,MEM0118,2023-03-28,,496436.48,0,Pending,,AGT002,North,Full Withdrawal,
CLM00024,MEM0441,2023-11-08,2023-11-21,1354506.67,1242090.43,Settled,,AGT009,South,Full Withdrawal,13
CLM00025,MEM0452,2024-08-26,2024-09-27,421299.33,339689.13,Settled,,AGT014,West,Partial Withdrawal,32
CLM00026,MEM0211,2024-08-14,2024-10-13,835111.5,611953.6,Settled,,AGT002,North,Full Withdrawal,60
CLM00027,MEM0099,2023-01-25,2023-03-26,407801.67,398413.94,Settled,,AGT014,South,Disability,60
CLM00028,MEM0227,2022-07-20,2022-07-28,1856415.62,0,Rejected,Fraudulent Activity Suspected,AGT003,North,Full Withdrawal,8
CLM00029,MEM0249,2024-09-12,2024-10-11,371042.39,289250.15,Settled,,AGT002,West,Partial Withdrawal,29
CLM00030,MEM0402,2024-07-20,2024-08-06,1340649.06,1057788.66,Settled,,AGT018,West,Death Benefit,17
CLM00031,MEM0496,2022-04-30,2022-06-28,147777.56,126990.85,Settled,,AGT002,East,Full Withdrawal,59
CLM00032,MEM0030,2024-11-06,2024-11-16,1210318.46,0,Rejected,Fraudulent Activity Suspected,AGT003,South,Full Withdrawal,10
CLM00033,MEM0062,2023-05-20,2023-06-14,1331877.67,1305788.69,Settled,,AGT014,North,Full Withdrawal,25
CLM00034,MEM0105,2023-10-06,2023-11-09,305212.65,242599.24,Settled,,AGT013,East,Partial Withdrawal,34
CLM00035,MEM0385,2022-05-29,,1996986.16,0,Pending,,AGT020,West,Full Withdrawal,
CLM00036,MEM0038,2023-03-13,,1767685.14,0,Pending,,AGT012,South,Death Benefit,
CLM00037,MEM0190,2023-08-07,2023-10-02,1421902.85,1274299.23,Settled,,AGT018,West,Partial Withdrawal,56
CLM00038,MEM0005,2023-09-06,2023-10-16,275085.91,205388.6,Settled,,AGT009,South,Full Withdrawal,40
CLM00039,MEM0145,2023-03-08,2023-05-06,1035547.66,740664.76,Settled,,AGT009,South,Death Benefit,59
CLM00040,MEM0325,2024-05-17,2024-06-07,700435.25,524257.99,Settled,,AGT001,North,Death Benefit,21
CLM00041,MEM0227,2024-05-25,2024-06-01,1892849.33,0,Rejected,Policy Lapsed,AGT003,North,Full Withdrawal,7
CLM00042,MEM0019,2024-01-27,2024-03-22,131566.27,130468.86,Settled,,AGT005,West,Partial Withdrawal,55
CLM00043,MEM0021,2024-01-03,2024-03-03,739673.34,607947.29,Settled,,AGT004,South,Partial Withdrawal,60
CLM00044,MEM0318,2022-11-13,2023-01-04,1768761.6,1728692.41,Settled,,AGT006,South,Partial Withdrawal,52
CLM00045,MEM0401,2024-04-23,2024-06-22,1585380.29,1128184.17,Settled,,AGT006,East,Partial Withdrawal,60
CLM00046,MEM0241,2023-04-01,2023-04-11,645122.19,0,Rejected,Eligibility Criteria Not Met,AGT012,West,Partial Withdrawal,10
CLM00047,MEM0013,2023-01-31,,1735488.24,0,Pending,,AGT009,East,Disability,
CLM00048,MEM0143,2023-12-21,,274916.42,0,Pending,,AGT001,East,Disability,
CLM00049,MEM0092,2023-06-28,2023-07-11,897399.33,0,Rejected,Fraudulent Activity Suspected,AGT020,North,Full Withdrawal,13
CLM00050,MEM0311,2024-11-13,2024-12-15,420653.61,294670.96,Settled,,AGT019,West,Full Withdrawal,32
CLM00051,MEM0474,2023-02-08,,1900305.25,0,Pending,,AGT003,West,Death Benefit,
CLM00052,MEM0320,2023-10-05,2023-11-04,653105.09,593778.67,Settled,,AGT017,East,Full Withdrawal,30
CLM00053,MEM0284,2022-09-18,,1370769.99,0,Pending,,AGT013,West,Partial Withdrawal,
CLM00054,MEM0316,2023-09-09,2023-10-21,609481.75,537561.97,Settled,,AGT010,North,Disability,42
CLM00055,MEM0165,2024-08-10,2024-09-07,1046789.29,0,Rejected,Eligibility Criteria Not Met,AGT007,West,Disability,28
CLM00056,MEM0338,2022-06-23,2022-07-17,1645925.76,0,Rejected,Duplicate Claim,AGT003,East,Death Benefit,24
CLM00057,MEM0116,2023-02-12,2023-04-12,527442.96,490810.36,Settled,,AGT002,North,Partial Withdrawal,59
CLM00058,MEM0234,2024-04-28,2024-06-16,829323.08,581905.69,Settled,,AGT016,West,Partial Withdrawal,49
CLM00059,MEM0385,2022-08-07,2022-08-24,1618014.22,0,Rejected,Incomplete Documentation,AGT006,South,Disability,17
CLM00060,MEM0286,2023-05-26,2023-06-15,1612762.37,0,Rejected,Policy Lapsed,AGT005,West,Full Withdrawal,20
CLM00061,MEM0163,2024-06-25,2024-07-16,1500128.11,1388418.12,Settled,,AGT006,West,Disability,21
CLM00062,MEM0431,2023-07-22,2023-08-01,907751.56,0,Rejected,Duplicate Claim,AGT009,South,Disability,10
CLM00063,MEM0172,2023-10-17,2023-11-11,500959.89,0,Rejected,Eligibility Criteria Not Met,AGT005,South,Full Withdrawal,25
CLM00064,MEM0033,2024-04-29,2024-06-26,958552.39,791805.54,Settled,,AGT018,East,Disability,58
CLM00065,MEM0464,2022-02-10,2022-03-11,1888346.23,1805323.93,Settled,,AGT001,West,Disability,29
CLM00066,MEM0489,2024-05-08,2024-06-06,582223.86,466267.49,Settled,,AGT008,West,Partial Withdrawal,29
CLM00067,MEM0348,2024-04-08,2024-05-08,1962407.86,1722146.01,Settled,,AGT005,West,Partial Withdrawal,30
CLM00068,MEM0340,2022-02-25,2022-03-18,1740360.14,1416185.27,Settled,,AGT005,West,Full Withdrawal,21
CLM00069,MEM0109,2024-07-20,,592600.4,0,Pending,,AGT013,East,Death Benefit,
CLM00070,MEM0216,2023-06-01,2023-06-28,1510597.31,1159030.94,Settled,,AGT001,West,Full Withdrawal,27
CLM00071,MEM0036,2022-03-24,2022-04-13,1686496.25,1244408.74,Settled,,AGT007,South,Full Withdrawal,20
CLM00072,MEM0343,2022-08-23,2022-10-05,1545451.29,1528637.43,Settled,,AGT009,West,Partial Withdrawal,43
CLM00073,MEM0368,2022-08-23,,1178435.23,0,Pending,,AGT004,East,Partial Withdrawal,
CLM00074,MEM0295,2024-02-08,2024-02-18,1204590.83,0,Rejected,Incomplete Documentation,AGT003,South,Disability,10
CLM00075,MEM0357,2023-09-10,2023-09-15,1088853.23,0,Rejected,Policy Lapsed,AGT012,North,Full Withdrawal,5
CLM00076,MEM0332,2023-11-30,,255800.8,0,Pending,,AGT016,West,Full Withdrawal,
CLM00077,MEM0326,2024-07-30,,1480900.84,0,Pending,,AGT006,West,Partial Withdrawal,
CLM00078,MEM0139,2024-09-17,,573371.3,0,Pending,,AGT019,West,Disability,
CLM00079,MEM0426,2022-06-27,2022-08-13,1513428.75,1231472.12,Settled,,AGT008,West,Death Benefit,47
CLM00080,MEM0015,2024-10-09,2024-10-22,463633.71,0,Rejected,Duplicate Claim,AGT016,South,Death Benefit,13
CLM00081,MEM0451,2023-07-20,2023-08-29,520644.3,482871.24,Settled,,AGT003,South,Full Withdrawal,40
CLM00082,MEM0354,2024-09-02,2024-10-21,231454.03,178912.01,Settled,,AGT001,West,Disability,49
CLM00083,MEM0340,2024-01-26,2024-02-22,1993431.35,1815729.87,Settled,,AGT014,East,Disability,27
CLM00084,MEM0139,2023-09-20,2023-11-11,1456504.45,1253699.59,Settled,,AGT004,South,Death Benefit,52
CLM00085,MEM0391,2023-01-15,2023-03-09,589174.27,505152.75,Settled,,AGT016,South,Partial Withdrawal,53
CLM00086,MEM0145,2022-07-25,2022-09-13,753718.08,648378.84,Settled,,AGT008,East,Partial Withdrawal,50
CLM00087,MEM0141,2022-04-04,2022-04-10,1293845.83,0,Rejected,Incomplete Documentation,AGT005,East,Full Withdrawal,6
CLM00088,MEM0294,2023-08-06,,714376.57,0,Pending,,AGT015,West,Disability,
CLM00089,MEM0130,2024-09-05,2024-10-23,1008905.79,722460.0,Settled,,AGT013,North,Full Withdrawal,48
CLM00090,MEM0077,2023-09-15,2023-10-28,1138242.42,1066786.12,Settled,,AGT004,South,Full Withdrawal,43
CLM00091,MEM0116,2024-12-06,2024-12-31,629838.61,498589.11,Settled,,AGT015,West,Disability,32
CLM00092,MEM0318,2022-05-04,2022-05-24,566059.94,425758.62,Settled,,AGT007,South,Full Withdrawal,20
CLM00093,MEM0039,2022-11-17,2022-11-24,1394273.71,1072813.97,Settled,,AGT015,West,Full Withdrawal,7
CLM00094,MEM0362,2023-08-03,2023-08-26,1851626.54,0,Rejected,Policy Lapsed,AGT008,North,Disability,23
CLM00095,MEM0339,2023-02-10,2023-03-04,488378.43,462977.55,Settled,,AGT018,North,Disability,22
CLM00096,MEM0037,2022-05-03,2022-05-26,1510467.56,1256325.4,Settled,,AGT020,East,Partial Withdrawal,23
CLM00097,MEM0240,2023-09-15,2023-10-28,1102964.05,785264.34,Settled,,AGT017,East,Disability,43
CLM00098,MEM0222,2023-10-23,2023-11-22,496402.61,0,Rejected,Policy Lapsed,AGT003,North,Death Benefit,30
CLM00099,MEM0301,2022-02-12,2022-02-23,967476.61,0,Rejected,Eligibility Criteria Not Met,AGT006,North,Death Benefit,11
CLM00100,MEM0300,2024-06-11,2024-07-28,728524.06,532827.9,Settled,,AGT016,North,Disability,47
CLM00101,MEM0083,2023-11-07,2023-12-30,1342037.9,1160901.68,Settled,,AGT010,West,Disability,53
CLM00102,MEM0233,2022-06-30,2022-07-30,276047.12,0,Rejected,Policy Lapsed,AGT011,East,Death Benefit,30
CLM00103,MEM0423,2022-01-03,2022-02-25,415785.96,353230.1,Settled,,AGT002,West,Disability,53
CLM00104,MEM0227,2022-04-16,2022-06-04,305475.8,258253.38,Settled,,AGT018,East,Partial Withdrawal,49
CLM00105,MEM0015,2023-05-06,2023-05-25,76665.21,76487.13,Settled,,AGT018,East,Partial Withdrawal,19
CLM00106,MEM0468,2022-08-21,2022-09-09,1021832.23,0,Rejected,Duplicate Claim,AGT005,North,Disability,19
CLM00107,MEM0213,2024-09-15,2024-10-28,1124966.9,959003.08,Settled,,AGT015,South,Disability,43
CLM00108,MEM0451,2022-10-07,2022-10-18,712756.72,0,Rejected,Incomplete Documentation,AGT014,East,Full Withdrawal,11
CLM00109,MEM0145,2023-09-04,2023-10-14,1100232.13,1021963.6,Settled,,AGT015,South,Disability,40
CLM00110,MEM0194,2024-07-21,2024-09-13,1165005.4,959070.34,Settled,,AGT008,South,Death Benefit,54
CLM00111,MEM0163,2024-08-26,2024-10-02,1015890.87,1005331.78,Settled,,AGT005,West,Disability,37
CLM00112,MEM0170,2022-07-25,2022-08-08,1825361.27,1502260.62,Settled,,AGT017,North,Disability,14
CLM00113,MEM0336,2022-11-13,2022-12-06,710194.41,0,Rejected,Incomplete Documentation,AGT009,West,Full Withdrawal,23
CLM00114,MEM0437,2023-11-04,2023-11-13,1751146.88,1349137.97,Settled,,AGT016,East,Disability,9
CLM00115,MEM0351,2023-08-12,2023-09-06,1957758.57,0,Rejected,Incomplete Documentation,AGT014,North,Partial Withdrawal,25
CLM00116,MEM0228,2022-12-07,2023-01-03,682530.6,554523.57,Settled,,AGT002,North,Death Benefit,27
CLM00117,MEM0075,2023-05-16,2023-06-14,391385.24,346733.32,Settled,,AGT006,South,Disability,29
CLM00118,MEM0124,2024-10-16,2024-12-02,1293914.03,909387.66,Settled,,AGT015,South,Partial Withdrawal,47
CLM00119,MEM0412,2024-08-10,2024-09-21,911373.08,719753.49,Settled,,AGT003,South,Death Benefit,42
CLM00120,MEM0493,2024-05-18,2024-06-22,438473.15,320960.58,Settled,,AGT010,West,Death Benefit,35
CLM00121,MEM0196,2024-01-06,2024-01-17,1956991.74,0,Rejected,Incomplete Documentation,AGT001,East,Death Benefit,11
CLM00122,MEM0290,2022-04-11,2022-05-26,1233776.75,934017.85,Settled,,AGT008,East,Disability,45
CLM00123,MEM0129,2022-10-08,2022-11-05,1587790.44,1460303.46,Settled,,AGT010,North,Full Withdrawal,28
CLM00124,MEM0047,2023-08-28,2023-09-11,441549.85,0,Rejected,Policy Lapsed,AGT006,West,Death Benefit,14
CLM00125,MEM0257,2023-07-13,2023-09-11,1936398.95,1552245.62,Settled,,AGT016,East,Partial Withdrawal,60
CLM00126,MEM0059,2024-08-17,2024-09-01,1727274.16,0,Rejected,Policy Lapsed,AGT008,South,Full Withdrawal,15
CLM00127,MEM0188,2022-07-04,2022-08-21,1096316.0,1013767.22,Settled,,AGT009,North,Disability,48
CLM00128,MEM0135,2024-02-20,2024-03-31,969379.89,773954.73,Settled,,AGT008,North,Death Benefit,40
CLM00129,MEM0313,2023-03-30,2023-04-06,1316016.92,1294800.7,Settled,,AGT010,West,Full Withdrawal,7
CLM00130,MEM0156,2024-10-05,2024-11-08,1780155.65,1444246.43,Settled,,AGT008,North,Full Withdrawal,34
CLM00131,MEM0487,2024-05-08,2024-05-30,1675701.51,1189437.88,Settled,,AGT004,West,Partial Withdrawal,22
CLM00132,MEM0190,2023-03-21,2023-05-08,1718127.88,1392028.05,Settled,,AGT008,West,Disability,48
CLM00133,MEM0462,2024-01-05,2024-03-04,420126.7,397968.09,Settled,,AGT009,West,Full Withdrawal,59
CLM00134,MEM0047,2023-03-11,2023-04-21,524959.35,399788.92,Settled,,AGT011,North,Full Withdrawal,41
CLM00135,MEM0425,2023-03-01,2023-03-23,1560018.73,0,Rejected,Incomplete Documentation,AGT011,South,Partial Withdrawal,22
CLM00136,MEM0142,2022-10-24,,264356.38,0,Pending,,AGT006,East,Partial Withdrawal,
CLM00137,MEM0068,2022-01-31,2022-02-08,681354.35,502858.29,Settled,,AGT019,South,Death Benefit,8
CLM00138,MEM0216,2024-12-13,2024-12-31,924136.67,677129.91,Settled,,AGT016,North,Full Withdrawal,42
CLM00139,MEM0258,2023-03-30,2023-05-04,1304514.33,1244753.96,Settled,,AGT015,East,Full Withdrawal,35
CLM00140,MEM0219,2022-08-10,2022-08-24,1803570.19,1298037.89,Settled,,AGT003,West,Disability,14
CLM00141,MEM0141,2023-10-28,2023-12-22,1035824.6,943153.34,Settled,,AGT015,East,Disability,55
CLM00142,MEM0437,2023-03-17,2023-04-01,856936.46,0,Rejected,Fraudulent Activity Suspected,AGT008,West,Disability,15
CLM00143,MEM0374,2022-07-14,2022-07-28,1346960.33,1220408.44,Settled,,AGT011,West,Death Benefit,14
CLM00144,MEM0243,2022-05-18,2022-06-01,892159.21,0,Rejected,Eligibility Criteria Not Met,AGT003,North,Full Withdrawal,14
CLM00145,MEM0285,2022-05-03,2022-05-30,739516.26,0,Rejected,Fraudulent Activity Suspected,AGT014,North,Death Benefit,27
CLM00146,MEM0445,2022-04-16,2022-04-30,252021.1,226068.19,Settled,,AGT012,East,Death Benefit,14
CLM00147,MEM0115,2022-08-10,2022-10-05,1537080.98,1273830.84,Settled,,AGT004,East,Death Benefit,56
CLM00148,MEM0288,2022-02-23,2022-03-08,582877.26,0,Rejected,Duplicate Claim,AGT006,North,Death Benefit,13
CLM00149,MEM0004,2023-01-07,2023-01-13,326655.58,237650.85,Settled,,AGT003,West,Partial Withdrawal,6
CLM00150,MEM0272,2023-03-17,2023-05-07,714747.16,569878.54,Settled,,AGT015,West,Disability,51
CLM00151,MEM0483,2022-06-23,2022-07-03,1521149.96,1188977.74,Settled,,AGT006,South,Full Withdrawal,10
CLM00152,MEM0339,2024-05-18,2024-05-24,582675.35,0,Rejected,Duplicate Claim,AGT014,West,Disability,6
CLM00153,MEM0221,2022-08-16,2022-09-15,1350908.49,1344604.74,Settled,,AGT017,West,Death Benefit,30
CLM00154,MEM0029,2022-01-16,2022-01-28,1546331.58,0,Rejected,Duplicate Claim,AGT007,East,Partial Withdrawal,12
CLM00155,MEM0062,2022-01-16,2022-02-04,301912.12,256649.06,Settled,,AGT006,West,Disability,19
CLM00156,MEM0427,2023-12-27,2024-01-05,900628.21,863371.93,Settled,,AGT002,West,Full Withdrawal,9
CLM00157,MEM0295,2024-05-29,2024-06-23,274588.08,206369.95,Settled,,AGT010,West,Disability,25
CLM00158,MEM0486,2024-07-31,2024-09-11,1696744.5,1391559.46,Settled,,AGT014,North,Death Benefit,42
CLM00159,MEM0041,2024-03-21,2024-04-27,699483.81,622517.79,Settled,,AGT008,East,Death Benefit,37
CLM00160,MEM0272,2024-11-10,2024-12-09,1468389.26,0,Rejected,Eligibility Criteria Not Met,AGT012,East,Partial Withdrawal,29
CLM00161,MEM0121,2022-07-30,2022-09-21,388323.09,348190.95,Settled,,AGT007,East,Partial Withdrawal,53
CLM00162,MEM0091,2024-10-08,,1303834.07,0,Pending,,AGT019,West,Disability,
CLM00163,MEM0166,2023-10-10,2023-12-04,964396.11,754545.54,Settled,,AGT003,West,Partial Withdrawal,55
CLM00164,MEM0029,2023-12-22,2024-02-18,931232.03,732063.02,Settled,,AGT015,East,Full Withdrawal,58
CLM00165,MEM0331,2022-07-04,2022-07-08,1130916.92,0,Rejected,Fraudulent Activity Suspected,AGT019,West,Disability,4
CLM00166,MEM0466,2023-01-21,2023-02-01,344179.1,324660.72,Settled,,AGT017,West,Death Benefit,11
CLM00167,MEM0429,2023-12-05,2024-01-07,533100.26,456984.51,Settled,,AGT002,South,Full Withdrawal,33
CLM00168,MEM0313,2022-11-22,2022-12-16,805462.29,0,Rejected,Policy Lapsed,AGT010,East,Death Benefit,24
CLM00169,MEM0027,2023-11-17,2023-12-08,1138028.26,1043708.59,Settled,,AGT004,East,Full Withdrawal,21
CLM00170,MEM0337,2022-11-04,,1344043.61,0,Pending,,AGT019,North,Death Benefit,
CLM00171,MEM0159,2024-03-13,2024-04-08,1139898.04,1076012.95,Settled,,AGT010,North,Partial Withdrawal,26
CLM00172,MEM0344,2024-12-14,2024-12-30,755564.79,744496.37,Settled,,AGT017,West,Full Withdrawal,16
CLM00173,MEM0175,2024-09-22,2024-11-16,352143.09,257184.97,Settled,,AGT005,South,Partial Withdrawal,55
CLM00174,MEM0395,2024-12-14,2024-12-29,305545.63,230458.95,Settled,,AGT020,East,Full Withdrawal,15
CLM00175,MEM0355,2022-12-06,2022-12-23,760383.86,0,Rejected,Policy Lapsed,AGT014,North,Disability,17
CLM00176,MEM0146,2024-07-08,2024-08-06,1932913.44,0,Rejected,Eligibility Criteria Not Met,AGT010,South,Partial Withdrawal,29
CLM00177,MEM0189,2024-06-21,2024-07-06,1030668.05,974050.75,Settled,,AGT013,East,Disability,15
CLM00178,MEM0411,2022-10-11,2022-10-22,1754528.04,1602621.52,Settled,,AGT016,North,Death Benefit,11
CLM00179,MEM0265,2022-09-13,,581943.03,0,Pending,,AGT006,North,Death Benefit,
CLM00180,MEM0076,2024-06-14,,1775028.06,0,Pending,,AGT015,South,Full Withdrawal,
CLM00181,MEM0213,2022-04-20,2022-05-09,803023.93,568907.33,Settled,,AGT008,East,Disability,19
CLM00182,MEM0477,2022-07-22,,124691.22,0,Pending,,AGT005,South,Death Benefit,
CLM00183,MEM0242,2022-10-12,2022-11-02,60239.84,46065.19,Settled,,AGT020,West,Disability,21
CLM00184,MEM0077,2024-12-16,2024-12-31,513398.44,424040.24,Settled,,AGT010,North,Disability,20
CLM00185,MEM0407,2024-07-25,2024-08-31,1213641.13,1058919.16,Settled,,AGT016,North,Full Withdrawal,37
CLM00186,MEM0368,2022-10-22,2022-11-22,1248878.69,944394.79,Settled,,AGT001,West,Death Benefit,31
CLM00187,MEM0343,2022-06-25,2022-07-14,1110959.82,0,Rejected,Policy Lapsed,AGT017,North,Death Benefit,19
CLM00188,MEM0011,2024-03-10,2024-03-16,1963026.87,1584414.27,Settled,,AGT013,North,Disability,6
CLM00189,MEM0035,2023-12-08,2023-12-15,1483614.62,1195333.04,Settled,,AGT019,North,Partial Withdrawal,7
CLM00190,MEM0174,2022-12-25,2023-02-17,1632420.48,1604802.45,Settled,,AGT006,West,Disability,54
CLM00191,MEM0019,2023-08-24,2023-09-17,1777291.25,1518899.9,Settled,,AGT007,North,Partial Withdrawal,24
CLM00192,MEM0418,2024-08-27,,607916.25,0,Pending,,AGT007,North,Death Benefit,
CLM00193,MEM0025,2023-11-11,2023-12-14,902055.2,873542.36,Settled,,AGT012,North,Death Benefit,33
CLM00194,MEM0198,2023-11-26,2023-12-07,766326.51,0,Rejected,Incomplete Documentation,AGT016,West,Partial Withdrawal,11
CLM00195,MEM0373,2024-05-19,2024-06-11,1990441.42,1585114.75,Settled,,AGT020,West,Full Withdrawal,23
CLM00196,MEM0041,2023-11-03,2023-12-22,1225112.17,1020729.79,Settled,,AGT015,East,Death Benefit,49
CLM00197,MEM0229,2022-03-28,2022-04-01,1296965.16,0,Rejected,Incomplete Documentation,AGT009,West,Death Benefit,4
CLM00198,MEM0344,2024-04-11,2024-06-05,328419.96,273065.38,Settled,,AGT001,South,Death Benefit,55
CLM00199,MEM0065,2022-05-18,2022-06-30,796566.08,594263.35,Settled,,AGT012,East,Partial Withdrawal,43
CLM00200,MEM0231,2024-01-30,2024-02-29,1169147.47,928672.11,Settled,,AGT003,West,Death Benefit,30
CLM00201,MEM0143,2023-05-27,2023-07-06,1023135.72,752340.65,Settled,,AGT006,North,Full Withdrawal,40
CLM00202,MEM0397,2023-06-18,,606874.91,0,Pending,,AGT020,South,Disability,
CLM00203,MEM0252,2023-02-14,,931483.24,0,Pending,,AGT003,South,Full Withdrawal,
CLM00204,MEM0228,2022-06-29,2022-07-23,1122494.44,1072440.86,Settled,,AGT003,East,Death Benefit,24
CLM00205,MEM0365,2022-12-23,2023-01-02,1971008.47,0,Rejected,Fraudulent Activity Suspected,AGT004,South,Death Benefit,10
CLM00206,MEM0014,2024-01-10,,303053.9,0,Pending,,AGT018,West,Death Benefit,
CLM00207,MEM0034,2023-09-26,2023-11-06,851050.49,614565.02,Settled,,AGT017,West,Disability,41
CLM00208,MEM0498,2023-10-12,2023-12-09,1376212.53,1285491.06,Settled,,AGT015,West,Full Withdrawal,58
CLM00209,MEM0328,2023-01-08,2023-01-20,1825888.93,1561921.34,Settled,,AGT017,West,Partial Withdrawal,12
CLM00210,MEM0156,2022-12-04,,724745.01,0,Pending,,AGT008,East,Partial Withdrawal,
CLM00211,MEM0459,2023-08-05,2023-08-18,1288361.33,1143429.32,Settled,,AGT007,East,Full Withdrawal,13
CLM00212,MEM0315,2024-12-28,2024-12-31,1886133.63,1673648.9,Settled,,AGT019,South,Full Withdrawal,47
CLM00213,MEM0462,2023-11-23,2024-01-03,138650.52,108063.77,Settled,,AGT003,North,Full Withdrawal,41
CLM00214,MEM0108,2024-05-03,,614859.73,0,Pending,,AGT018,West,Full Withdrawal,
CLM00215,MEM0248,2023-05-17,2023-06-19,192297.4,158585.07,Settled,,AGT015,East,Disability,33
CLM00216,MEM0238,2023-02-22,2023-04-23,1729895.9,1390163.67,Settled,,AGT011,South,Death Benefit,60
CLM00217,MEM0205,2022-09-25,2022-10-28,521388.83,403750.82,Settled,,AGT011,North,Death Benefit,33
CLM00218,MEM0050,2022-04-14,,865362.75,0,Pending,,AGT020,West,Death Benefit,
CLM00219,MEM0462,2022-11-24,2022-12-31,1538086.68,1292061.31,Settled,,AGT007,East,Death Benefit,37
CLM00220,MEM0451,2023-09-24,2023-10-14,1893203.97,1447436.46,Settled,,AGT003,North,Disability,20
CLM00221,MEM0181,2022-04-10,2022-05-04,1215161.6,0,Rejected,Fraudulent Activity Suspected,AGT016,East,Full Withdrawal,24
CLM00222,MEM0147,2022-01-17,2022-02-13,1770788.68,0,Rejected,Fraudulent Activity Suspected,AGT005,West,Full Withdrawal,27
CLM00223,MEM0188,2022-04-03,2022-04-26,1145542.89,827150.15,Settled,,AGT019,North,Disability,23
CLM00224,MEM0259,2024-07-11,2024-09-04,1951411.49,1943676.68,Settled,,AGT005,North,Death Benefit,55
CLM00225,MEM0286,2024-01-19,2024-01-26,1042788.91,742125.95,Settled,,AGT020,South,Partial Withdrawal,7
CLM00226,MEM0366,2023-11-14,2023-12-09,1232208.02,1206837.62,Settled,,AGT005,West,Disability,25
CLM00227,MEM0164,2022-11-29,2022-12-19,705928.23,0,Rejected,Fraudulent Activity Suspected,AGT019,East,Disability,20
CLM00228,MEM0363,2023-09-06,2023-10-07,695917.21,609004.56,Settled,,AGT012,North,Disability,31
CLM00229,MEM0408,2022-02-24,2022-03-17,1176387.07,0,Rejected,Fraudulent Activity Suspected,AGT019,East,Disability,21
CLM00230,MEM0088,2024-12-09,,111562.5,0,Pending,,AGT008,South,Disability,
CLM00231,MEM0057,2023-01-26,2023-02-13,866621.58,713327.68,Settled,,AGT011,West,Full Withdrawal,18
CLM00232,MEM0397,2024-08-23,2024-10-09,454316.32,383220.95,Settled,,AGT017,South,Full Withdrawal,47
CLM00233,MEM0193,2023-10-05,2023-11-28,717537.68,689048.79,Settled,,AGT018,West,Partial Withdrawal,54
CLM00234,MEM0349,2023-06-26,2023-07-20,594062.47,553281.44,Settled,,AGT008,South,Disability,24
CLM00235,MEM0361,2023-03-01,,730166.19,0,Pending,,AGT016,East,Disability,
CLM00236,MEM0408,2023-07-15,2023-08-14,1369413.38,1294798.48,Settled,,AGT019,North,Death Benefit,30
CLM00237,MEM0489,2022-10-27,2022-11-29,1912861.75,1715438.38,Settled,,AGT010,North,Death Benefit,33
CLM00238,MEM0383,2024-09-08,2024-09-30,578708.81,428928.49,Settled,,AGT018,South,Partial Withdrawal,22
CLM00239,MEM0316,2023-05-06,2023-05-17,490059.71,403804.5,Settled,,AGT017,North,Partial Withdrawal,11
CLM00240,MEM0368,2024-08-25,,1930811.6,0,Pending,,AGT001,South,Full Withdrawal,
CLM00241,MEM0081,2024-04-13,2024-05-06,1524026.57,1362128.28,Settled,,AGT007,West,Disability,23
CLM00242,MEM0465,2022-07-03,2022-07-07,864875.72,0,Rejected,Fraudulent Activity Suspected,AGT006,North,Partial Withdrawal,4
CLM00243,MEM0404,2024-10-11,2024-10-22,68070.98,66609.94,Settled,,AGT002,East,Partial Withdrawal,11
CLM00244,MEM0172,2023-08-06,2023-08-23,1709566.49,1611512.87,Settled,,AGT005,West,Disability,17
CLM00245,MEM0170,2022-11-29,2022-12-22,77464.18,67419.74,Settled,,AGT006,East,Disability,23
CLM00246,MEM0388,2023-01-31,2023-03-19,1054797.28,768541.68,Settled,,AGT014,West,Partial Withdrawal,47
CLM00247,MEM0072,2024-09-04,2024-10-27,558531.29,435709.31,Settled,,AGT001,South,Death Benefit,53
CLM00248,MEM0169,2023-09-11,2023-09-23,1400898.75,1176220.5,Settled,,AGT012,East,Full Withdrawal,12
CLM00249,MEM0082,2024-04-10,2024-04-23,766710.61,646685.57,Settled,,AGT010,North,Death Benefit,13
CLM00250,MEM0233,2024-02-05,2024-03-03,1613890.23,0,Rejected,Eligibility Criteria Not Met,AGT018,West,Disability,27
CLM00251,MEM0349,2022-06-17,2022-08-14,1838627.18,1589115.86,Settled,,AGT003,East,Disability,58
CLM00252,MEM0259,2023-02-19,2023-04-08,1716247.71,1307129.35,Settled,,AGT011,South,Partial Withdrawal,48
CLM00253,MEM0299,2024-09-28,2024-11-01,934192.99,811975.66,Settled,,AGT002,West,Full Withdrawal,34
CLM00254,MEM0287,2024-08-04,2024-08-22,546191.58,477094.73,Settled,,AGT013,North,Death Benefit,18
CLM00255,MEM0024,2024-05-17,,1988541.14,0,Pending,,AGT018,North,Death Benefit,
CLM00256,MEM0036,2024-08-24,2024-10-09,400963.59,398357.32,Settled,,AGT014,East,Full Withdrawal,46
CLM00257,MEM0331,2024-05-10,,1745759.56,0,Pending,,AGT015,West,Death Benefit,
CLM00258,MEM0193,2022-06-14,2022-07-22,398023.58,293822.65,Settled,,AGT004,East,Partial Withdrawal,38
CLM00259,MEM0115,2022-01-08,2022-02-16,1363324.72,1109450.4,Settled,,AGT015,East,Full Withdrawal,39
CLM00260,MEM0118,2023-05-22,,587516.97,0,Pending,,AGT005,East,Disability,
CLM00261,MEM0372,2022-08-20,,1543804.26,0,Pending,,AGT020,West,Full Withdrawal,
CLM00262,MEM0009,2023-05-08,2023-06-25,1208191.09,1100645.02,Settled,,AGT004,North,Partial Withdrawal,48
CLM00263,MEM0025,2023-05-17,2023-07-16,506961.59,472903.45,Settled,,AGT015,West,Full Withdrawal,60
CLM00264,MEM0072,2024-10-28,2024-12-15,671862.21,635255.63,Settled,,AGT019,South,Death Benefit,48
CLM00265,MEM0122,2023-09-11,2023-10-23,635976.86,613027.11,Settled,,AGT014,South,Partial Withdrawal,42
CLM00266,MEM0467,2022-12-25,,1945965.96,0,Pending,,AGT002,West,Disability,
CLM00267,MEM0344,2024-02-20,2024-04-13,340974.34,293707.96,Settled,,AGT014,West,Death Benefit,53
CLM00268,MEM0124,2023-04-07,2023-05-08,1833745.29,1590198.29,Settled,,AGT015,South,Death Benefit,31
CLM00269,MEM0069,2024-03-06,2024-04-08,694012.84,662185.42,Settled,,AGT007,East,Partial Withdrawal,33
CLM00270,MEM0048,2023-01-26,2023-03-27,1363660.25,984338.1,Settled,,AGT013,East,Full Withdrawal,60
CLM00271,MEM0412,2023-03-21,,641216.65,0,Pending,,AGT011,South,Disability,
CLM00272,MEM0109,2023-01-25,2023-02-09,1406471.26,0,Rejected,Eligibility Criteria Not Met,AGT008,West,Full Withdrawal,15
CLM00273,MEM0283,2023-10-21,2023-11-11,1090617.75,881102.87,Settled,,AGT015,West,Death Benefit,21
CLM00274,MEM0452,2024-10-15,2024-11-02,1535176.49,1245352.79,Settled,,AGT016,North,Disability,18
CLM00275,MEM0212,2022-04-04,,558509.51,0,Pending,,AGT001,South,Partial Withdrawal,
CLM00276,MEM0297,2024-05-05,2024-07-02,693237.31,536370.88,Settled,,AGT007,South,Death Benefit,58
CLM00277,MEM0282,2023-11-23,2023-12-07,948616.55,0,Rejected,Eligibility Criteria Not Met,AGT016,West,Death Benefit,14
CLM00278,MEM0072,2024-09-27,2024-10-26,115956.33,0,Rejected,Incomplete Documentation,AGT017,North,Partial Withdrawal,29
CLM00279,MEM0392,2022-01-14,2022-02-01,182537.49,155470.81,Settled,,AGT008,South,Disability,18
CLM00280,MEM0192,2022-05-04,2022-05-09,62894.1,44341.46,Settled,,AGT001,West,Disability,5
CLM00281,MEM0370,2023-07-17,2023-08-14,1635656.58,0,Rejected,Eligibility Criteria Not Met,AGT017,North,Death Benefit,28
CLM00282,MEM0055,2022-07-17,2022-08-13,1258572.64,981935.13,Settled,,AGT007,South,Partial Withdrawal,27
CLM00283,MEM0204,2022-06-11,,1151754.26,0,Pending,,AGT015,West,Death Benefit,
CLM00284,MEM0116,2023-09-07,2023-10-12,840292.68,602350.77,Settled,,AGT003,North,Full Withdrawal,35
CLM00285,MEM0005,2022-12-17,2023-02-14,1307569.12,1297307.22,Settled,,AGT014,West,Full Withdrawal,59
CLM00286,MEM0459,2024-12-17,2024-12-31,1807482.27,0,Rejected,Fraudulent Activity Suspected,AGT007,South,Full Withdrawal,21
CLM00287,MEM0139,2022-04-06,2022-06-04,1148844.23,912579.14,Settled,,AGT018,East,Full Withdrawal,59
CLM00288,MEM0493,2023-03-01,2023-04-11,633589.93,602160.81,Settled,,AGT003,West,Partial Withdrawal,41
CLM00289,MEM0200,2023-11-11,,1026546.06,0,Pending,,AGT003,South,Disability,
CLM00290,MEM0028,2022-07-20,2022-08-11,714155.86,0,Rejected,Fraudulent Activity Suspected,AGT003,South,Disability,22
CLM00291,MEM0497,2023-10-31,2023-11-29,1006676.74,835093.1,Settled,,AGT015,East,Full Withdrawal,29
CLM00292,MEM0349,2024-02-18,2024-03-03,1440561.64,1172617.17,Settled,,AGT008,East,Full Withdrawal,14
CLM00293,MEM0402,2022-11-12,2022-12-06,257774.29,214834.44,Settled,,AGT012,East,Disability,24
CLM00294,MEM0390,2023-07-07,2023-08-16,415413.98,354652.31,Settled,,AGT003,South,Full Withdrawal,40
CLM00295,MEM0053,2022-02-23,2022-03-20,231475.31,222011.55,Settled,,AGT018,East,Full Withdrawal,25
CLM00296,MEM0007,2023-08-21,2023-09-10,1463445.5,1275521.73,Settled,,AGT003,West,Disability,20
CLM00297,MEM0087,2024-02-19,2024-02-28,637205.97,478007.85,Settled,,AGT009,South,Partial Withdrawal,9
CLM00298,MEM0142,2024-05-12,,754193.58,0,Pending,,AGT003,West,Death Benefit,
CLM00299,MEM0370,2024-10-12,2024-11-11,314204.58,251258.46,Settled,,AGT004,West,Partial Withdrawal,30
CLM00300,MEM0318,2024-02-18,2024-03-12,889701.63,0,Rejected,Policy Lapsed,AGT011,West,Death Benefit,23
CLM00301,MEM0070,2023-09-08,,662657.4,0,Pending,,AGT016,South,Death Benefit,
CLM00302,MEM0496,2023-10-16,2023-11-07,1574850.02,1488151.94,Settled,,AGT019,West,Death Benefit,22
CLM00303,MEM0202,2024-01-18,2024-03-12,1994666.61,1725445.95,Settled,,AGT019,South,Full Withdrawal,54
CLM00304,MEM0488,2024-08-03,2024-10-01,1670999.53,1568562.33,Settled,,AGT010,West,Partial Withdrawal,59
CLM00305,MEM0210,2024-10-19,2024-11-20,542729.29,508387.02,Settled,,AGT008,East,Partial Withdrawal,32
CLM00306,MEM0038,2024-07-08,,1037894.65,0,Pending,,AGT018,West,Disability,
CLM00307,MEM0355,2024-05-06,,1207948.89,0,Pending,,AGT018,East,Full Withdrawal,
CLM00308,MEM0056,2023-05-24,,136378.55,0,Pending,,AGT020,South,Death Benefit,
CLM00309,MEM0347,2024-03-29,2024-05-05,70568.16,65208.93,Settled,,AGT004,West,Death Benefit,37
CLM00310,MEM0286,2023-03-29,2023-04-23,952973.26,0,Rejected,Policy Lapsed,AGT013,East,Disability,25
CLM00311,MEM0078,2023-12-08,,626092.83,0,Pending,,AGT004,West,Full Withdrawal,
CLM00312,MEM0044,2022-08-26,2022-09-14,718980.03,0,Rejected,Fraudulent Activity Suspected,AGT010,East,Partial Withdrawal,19
CLM00313,MEM0179,2024-09-02,2024-10-28,671873.47,613577.49,Settled,,AGT015,West,Full Withdrawal,56
CLM00314,MEM0012,2023-12-04,2023-12-30,1056188.11,916723.42,Settled,,AGT008,South,Full Withdrawal,26
CLM00315,MEM0491,2024-08-04,2024-08-19,413454.5,0,Rejected,Incomplete Documentation,AGT006,West,Partial Withdrawal,15
CLM00316,MEM0378,2023-02-09,2023-03-03,58677.58,54317.7,Settled,,AGT013,West,Disability,22
CLM00317,MEM0415,2022-05-09,2022-05-30,685670.58,617933.48,Settled,,AGT012,South,Full Withdrawal,21
CLM00318,MEM0251,2024-12-16,2024-12-31,815460.81,777668.56,Settled,,AGT020,West,Death Benefit,27
CLM00319,MEM0317,2022-12-20,2023-01-01,660712.2,498780.46,Settled,,AGT005,North,Death Benefit,12
CLM00320,MEM0356,2022-10-17,2022-11-02,318841.23,269740.02,Settled,,AGT020,West,Disability,16
CLM00321,MEM0276,2022-12-21,2023-01-23,323578.24,286633.05,Settled,,AGT010,West,Partial Withdrawal,33
CLM00322,MEM0444,2024-01-06,2024-02-15,430500.56,366627.8,Settled,,AGT005,West,Full Withdrawal,40
CLM00323,MEM0254,2024-04-17,2024-04-23,1002964.05,941546.81,Settled,,AGT015,West,Disability,6
CLM00324,MEM0113,2023-08-22,2023-09-25,1098336.81,955218.18,Settled,,AGT008,East,Full Withdrawal,34
CLM00325,MEM0396,2024-10-11,2024-10-25,1561470.4,0,Rejected,Policy Lapsed,AGT009,North,Full Withdrawal,14
CLM00326,MEM0422,2022-03-27,2022-04-23,249712.06,0,Rejected,Eligibility Criteria Not Met,AGT014,South,Disability,27
CLM00327,MEM0153,2022-03-08,2022-05-07,1731289.27,1728150.97,Settled,,AGT012,East,Disability,60
CLM00328,MEM0398,2023-05-01,2023-05-14,1283902.73,1201032.96,Settled,,AGT020,East,Partial Withdrawal,13
CLM00329,MEM0417,2023-02-28,2023-03-25,598115.79,594347.69,Settled,,AGT018,East,Full Withdrawal,25
CLM00330,MEM0150,2023-08-16,2023-08-20,1927405.39,0,Rejected,Duplicate Claim,AGT005,North,Death Benefit,4
CLM00331,MEM0444,2022-09-17,2022-10-14,1437219.96,0,Rejected,Fraudulent Activity Suspected,AGT005,South,Partial Withdrawal,27
CLM00332,MEM0251,2022-10-19,2022-12-12,931383.86,677980.8,Settled,,AGT013,West,Death Benefit,54
CLM00333,MEM0264,2023-07-24,2023-09-16,688214.1,656659.62,Settled,,AGT016,West,Death Benefit,54
CLM00334,MEM0048,2024-07-27,,825545.94,0,Pending,,AGT018,North,Death Benefit,
CLM00335,MEM0423,2023-03-10,2023-04-20,1665270.05,1230931.44,Settled,,AGT011,East,Disability,41
CLM00336,MEM0437,2024-09-20,2024-10-07,244170.75,0,Rejected,Incomplete Documentation,AGT002,North,Death Benefit,17
CLM00337,MEM0064,2022-11-20,2023-01-08,1984084.57,1930161.45,Settled,,AGT001,West,Disability,49
CLM00338,MEM0452,2023-09-11,2023-10-09,1326446.53,1192943.19,Settled,,AGT003,East,Partial Withdrawal,28
CLM00339,MEM0333,2022-12-05,2022-12-21,1465677.31,0,Rejected,Incomplete Documentation,AGT010,West,Full Withdrawal,16
CLM00340,MEM0361,2022-07-14,2022-08-21,201980.51,182589.33,Settled,,AGT016,South,Full Withdrawal,38
CLM00341,MEM0005,2022-01-17,2022-02-05,1403360.45,1143627.87,Settled,,AGT014,North,Death Benefit,19
CLM00342,MEM0375,2022-07-29,2022-09-21,1767928.54,1668942.89,Settled,,AGT012,East,Full Withdrawal,54
CLM00343,MEM0448,2022-09-30,2022-10-15,1148417.87,955517.92,Settled,,AGT017,North,Partial Withdrawal,15
CLM00344,MEM0370,2023-03-13,,1388804.03,0,Pending,,AGT020,West,Partial Withdrawal,
CLM00345,MEM0045,2022-07-25,2022-08-26,1473517.84,1170490.52,Settled,,AGT019,North,Partial Withdrawal,32
CLM00346,MEM0072,2023-05-23,2023-07-05,1129123.43,886899.63,Settled,,AGT008,North,Death Benefit,43
CLM00347,MEM0482,2022-02-24,2022-03-26,1233507.4,972821.17,Settled,,AGT017,South,Death Benefit,30
CLM00348,MEM0028,2023-05-06,2023-05-15,520109.42,446506.63,Settled,,AGT004,West,Disability,9
CLM00349,MEM0007,2024-01-10,2024-02-07,1728587.31,1493338.45,Settled,,AGT013,South,Death Benefit,28
CLM00350,MEM0089,2024-08-22,2024-08-29,181688.51,177468.57,Settled,,AGT019,North,Full Withdrawal,7
CLM00351,MEM0486,2024-03-26,2024-05-04,1418530.75,1221775.72,Settled,,AGT014,West,Death Benefit,39
CLM00352,MEM0079,2023-07-23,2023-09-17,1047044.16,781736.93,Settled,,AGT003,East,Full Withdrawal,56
CLM00353,MEM0168,2024-03-11,2024-03-15,1473418.84,0,Rejected,Eligibility Criteria Not Met,AGT014,East,Full Withdrawal,4
CLM00354,MEM0045,2024-06-08,2024-07-30,1237223.19,1110303.53,Settled,,AGT020,West,Full Withdrawal,52
CLM00355,MEM0090,2022-09-02,,369473.63,0,Pending,,AGT001,South,Full Withdrawal,
CLM00356,MEM0268,2024-11-25,2024-12-06,297514.68,0,Rejected,Incomplete Documentation,AGT012,South,Death Benefit,11
CLM00357,MEM0395,2022-03-02,2022-04-12,1071515.71,951784.38,Settled,,AGT009,West,Death Benefit,41
CLM00358,MEM0255,2024-07-21,2024-08-05,1725751.58,1340106.2,Settled,,AGT016,North,Death Benefit,15
CLM00359,MEM0053,2022-08-25,2022-09-01,1724443.57,1451169.92,Settled,,AGT002,North,Partial Withdrawal,7
CLM00360,MEM0197,2022-11-04,2022-11-27,1616075.2,0,Rejected,Fraudulent Activity Suspected,AGT018,North,Partial Withdrawal,23
CLM00361,MEM0115,2023-10-22,2023-11-19,578953.02,426005.37,Settled,,AGT011,West,Partial Withdrawal,28
CLM00362,MEM0345,2022-04-18,,1963757.03,0,Pending,,AGT017,South,Partial Withdrawal,
CLM00363,MEM0036,2024-08-10,2024-09-07,218451.77,166067.33,Settled,,AGT011,East,Death Benefit,28
CLM00364,MEM0289,2023-09-15,2023-11-08,1203797.32,1122860.95,Settled,,AGT012,West,Partial Withdrawal,54
CLM00365,MEM0376,2023-05-18,2023-07-02,96625.0,91974.65,Settled,,AGT014,North,Partial Withdrawal,45
CLM00366,MEM0450,2022-01-20,2022-01-26,1705561.68,0,Rejected,Eligibility Criteria Not Met,AGT013,North,Death Benefit,6
CLM00367,MEM0272,2023-05-03,2023-05-25,1946490.51,1416866.0,Settled,,AGT002,West,Disability,22
CLM00368,MEM0472,2023-04-20,2023-05-01,1950381.84,1661000.43,Settled,,AGT015,East,Disability,11
CLM00369,MEM0327,2024-03-18,2024-04-10,1341765.66,1044292.57,Settled,,AGT014,North,Full Withdrawal,23
CLM00370,MEM0162,2024-03-15,2024-04-01,580313.95,429916.05,Settled,,AGT015,East,Death Benefit,17
CLM00371,MEM0395,2022-08-12,2022-08-24,926655.16,797643.79,Settled,,AGT006,North,Partial Withdrawal,12
CLM00372,MEM0494,2023-03-02,2023-03-17,566765.46,534051.23,Settled,,AGT015,East,Disability,15
CLM00373,MEM0156,2022-03-24,2022-04-20,227865.16,186592.7,Settled,,AGT005,East,Partial Withdrawal,27
CLM00374,MEM0026,2023-09-05,,1906588.38,0,Pending,,AGT001,South,Death Benefit,
CLM00375,MEM0285,2023-05-27,2023-06-01,1617598.67,1162245.87,Settled,,AGT004,West,Full Withdrawal,5
CLM00376,MEM0400,2023-04-01,2023-05-17,775867.5,562668.29,Settled,,AGT013,South,Partial Withdrawal,46
CLM00377,MEM0301,2023-06-15,2023-08-10,435613.16,321760.2,Settled,,AGT003,North,Full Withdrawal,56
CLM00378,MEM0464,2023-11-11,,148743.52,0,Pending,,AGT015,North,Full Withdrawal,
CLM00379,MEM0222,2024-03-19,2024-04-06,1382265.19,1344240.82,Settled,,AGT013,North,Disability,18
CLM00380,MEM0141,2023-07-28,2023-09-12,1247507.83,983699.28,Settled,,AGT002,South,Disability,46
CLM00381,MEM0211,2024-09-08,2024-10-24,796879.79,769304.37,Settled,,AGT009,North,Full Withdrawal,46
CLM00382,MEM0270,2023-05-26,2023-06-09,985384.66,0,Rejected,Policy Lapsed,AGT012,West,Full Withdrawal,14
CLM00383,MEM0258,2023-10-21,2023-10-27,100822.79,97670.0,Settled,,AGT006,East,Disability,6
CLM00384,MEM0399,2023-07-30,2023-08-18,746994.14,741163.07,Settled,,AGT017,West,Full Withdrawal,19
CLM00385,MEM0052,2023-05-23,,1641756.07,0,Pending,,AGT018,East,Partial Withdrawal,
CLM00386,MEM0029,2023-03-26,2023-05-21,393395.72,362487.22,Settled,,AGT006,East,Disability,56
CLM00387,MEM0184,2022-02-27,2022-03-27,1899318.59,0,Rejected,Fraudulent Activity Suspected,AGT019,South,Death Benefit,28
CLM00388,MEM0278,2023-09-25,2023-10-14,226001.88,159552.44,Settled,,AGT002,West,Partial Withdrawal,19
CLM00389,MEM0245,2022-01-02,2022-02-27,714480.14,681103.36,Settled,,AGT005,South,Death Benefit,56
CLM00390,MEM0166,2022-05-02,2022-05-14,1424157.87,1358567.23,Settled,,AGT019,South,Full Withdrawal,12
CLM00391,MEM0441,2024-01-18,2024-02-12,1192732.49,883737.84,Settled,,AGT013,East,Full Withdrawal,25
CLM00392,MEM0081,2024-06-13,2024-07-27,1429006.7,1337689.65,Settled,,AGT006,East,Disability,44
CLM00393,MEM0115,2022-12-26,2023-01-20,298329.31,0,Rejected,Policy Lapsed,AGT010,East,Disability,25
CLM00394,MEM0201,2022-03-08,2022-04-13,480745.74,356806.13,Settled,,AGT020,East,Partial Withdrawal,36
CLM00395,MEM0382,2022-06-09,,377380.46,0,Pending,,AGT011,East,Partial Withdrawal,
CLM00396,MEM0046,2023-11-19,2023-12-03,458884.35,0,Rejected,Duplicate Claim,AGT009,North,Disability,14
CLM00397,MEM0403,2022-08-10,2022-08-25,904529.28,873201.45,Settled,,AGT013,North,Full Withdrawal,15
CLM00398,MEM0253,2024-02-15,2024-03-07,1666173.61,0,Rejected,Eligibility Criteria Not Met,AGT004,West,Death Benefit,21
CLM00399,MEM0084,2024-07-13,2024-07-24,89152.1,64391.01,Settled,,AGT010,North,Full Withdrawal,11
CLM00400,MEM0088,2024-02-08,,1886576.58,0,Pending,,AGT018,North,Partial Withdrawal,
CLM00401,MEM0174,2024-09-15,2024-09-23,1234269.37,901482.38,Settled,,AGT006,West,Full Withdrawal,8
CLM00402,MEM0106,2023-01-25,2023-02-24,629931.26,549004.58,Settled,,AGT010,East,Disability,30
CLM00403,MEM0431,2024-10-02,2024-11-28,57440.37,51616.27,Settled,,AGT012,North,Partial Withdrawal,57
CLM00404,MEM0308,2024-09-10,2024-09-20,453558.32,381928.4,Settled,,AGT001,North,Partial Withdrawal,10
CLM00405,MEM0060,2023-09-24,2023-11-09,1795011.09,1549521.44,Settled,,AGT016,West,Disability,46
CLM00406,MEM0095,2024-01-30,2024-03-04,919261.78,716123.54,Settled,,AGT006,East,Disability,34
CLM00407,MEM0429,2023-07-05,2023-08-13,217129.26,178957.07,Settled,,AGT004,South,Full Withdrawal,39
CLM00408,MEM0388,2023-04-11,2023-06-10,866332.55,849792.9,Settled,,AGT017,West,Full Withdrawal,60
CLM00409,MEM0294,2023-04-28,,819868.51,0,Pending,,AGT003,East,Disability,
CLM00410,MEM0018,2024-10-25,,387114.0,0,Pending,,AGT015,North,Partial Withdrawal,
CLM00411,MEM0498,2023-03-10,,875581.05,0,Pending,,AGT002,South,Partial Withdrawal,
CLM00412,MEM0223,2023-02-18,,1826068.75,0,Pending,,AGT011,East,Partial Withdrawal,
CLM00413,MEM0035,2022-06-28,2022-08-01,685947.27,668900.5,Settled,,AGT018,West,Disability,34
CLM00414,MEM0007,2024-12-06,2024-12-31,341802.52,317026.35,Settled,,AGT014,North,Disability,42
CLM00415,MEM0482,2022-07-25,,1741576.77,0,Pending,,AGT010,North,Full Withdrawal,
CLM00416,MEM0450,2024-04-21,2024-05-07,1165445.32,912105.76,Settled,,AGT016,West,Death Benefit,16
CLM00417,MEM0074,2024-04-02,2024-05-07,1396501.82,1363335.59,Settled,,AGT011,West,Full Withdrawal,35
CLM00418,MEM0460,2024-02-02,2024-03-03,656351.13,0,Rejected,Incomplete Documentation,AGT010,East,Full Withdrawal,30
CLM00419,MEM0498,2023-04-12,2023-06-02,1559360.26,1286521.83,Settled,,AGT015,East,Partial Withdrawal,51
CLM00420,MEM0331,2022-07-02,2022-08-07,1831193.97,1699069.64,Settled,,AGT007,West,Partial Withdrawal,36
CLM00421,MEM0445,2024-02-05,2024-02-18,656690.03,613450.23,Settled,,AGT003,South,Full Withdrawal,13
CLM00422,MEM0269,2022-03-01,2022-04-04,1682104.52,1202986.96,Settled,,AGT007,South,Partial Withdrawal,34
CLM00423,MEM0185,2023-02-12,2023-02-24,1034996.43,936001.41,Settled,,AGT015,East,Death Benefit,12
CLM00424,MEM0124,2024-02-02,2024-03-13,1923014.74,1547888.35,Settled,,AGT006,West,Disability,40
CLM00425,MEM0084,2023-06-14,2023-07-25,803803.06,750711.1,Settled,,AGT001,East,Full Withdrawal,41
CLM00426,MEM0110,2023-03-30,2023-05-29,1320595.3,1233556.32,Settled,,AGT009,South,Partial Withdrawal,60
CLM00427,MEM0393,2022-01-19,2022-02-09,1222226.8,1078619.02,Settled,,AGT006,South,Disability,21
CLM00428,MEM0483,2023-09-18,2023-10-06,1710593.04,1436914.24,Settled,,AGT013,West,Death Benefit,18
CLM00429,MEM0347,2024-12-02,2024-12-31,1047451.75,0,Rejected,Duplicate Claim,AGT001,North,Disability,29
CLM00430,MEM0288,2023-08-02,,174482.26,0,Pending,,AGT016,North,Death Benefit,
CLM00431,MEM0328,2023-10-28,2023-11-17,417302.16,404743.92,Settled,,AGT010,East,Death Benefit,20
CLM00432,MEM0413,2024-04-07,,1328031.11,0,Pending,,AGT001,South,Death Benefit,
CLM00433,MEM0133,2024-05-07,,1186896.22,0,Pending,,AGT002,West,Disability,
CLM00434,MEM0418,2023-01-24,2023-03-12,1294711.5,1045543.16,Settled,,AGT018,South,Death Benefit,47
CLM00435,MEM0154,2022-12-15,2023-01-10,968022.7,0,Rejected,Policy Lapsed,AGT004,East,Partial Withdrawal,26
CLM00436,MEM0391,2023-01-10,2023-01-22,742802.62,0,Rejected,Fraudulent Activity Suspected,AGT008,North,Death Benefit,12
CLM00437,MEM0404,2023-11-10,,623399.69,0,Pending,,AGT019,East,Death Benefit,
CLM00438,MEM0241,2022-04-20,,1025930.88,0,Pending,,AGT007,West,Full Withdrawal,
CLM00439,MEM0196,2024-12-21,2024-12-31,1748155.84,1403421.2,Settled,,AGT002,West,Death Benefit,17
CLM00440,MEM0292,2024-07-26,2024-09-09,1568935.3,1562647.18,Settled,,AGT006,East,Partial Withdrawal,45
CLM00441,MEM0161,2022-04-29,2022-05-20,458295.62,0,Rejected,Eligibility Criteria Not Met,AGT009,West,Full Withdrawal,21
CLM00442,MEM0251,2022-06-30,,836617.29,0,Pending,,AGT014,West,Partial Withdrawal,
CLM00443,MEM0197,2022-01-10,,1902633.8,0,Pending,,AGT012,South,Full Withdrawal,
CLM00444,MEM0388,2024-12-23,2024-12-31,1272039.51,1225095.58,Settled,,AGT001,North,Partial Withdrawal,49
CLM00445,MEM0160,2022-09-22,2022-11-18,1197907.84,854965.4,Settled,,AGT017,West,Full Withdrawal,57
CLM00446,MEM0486,2023-08-19,,1781549.39,0,Pending,,AGT014,East,Disability,
CLM00447,MEM0176,2024-09-30,,1898764.49,0,Pending,,AGT006,South,Death Benefit,
CLM00448,MEM0207,2022-02-09,2022-03-18,461820.95,346686.87,Settled,,AGT005,South,Partial Withdrawal,37
CLM00449,MEM0188,2022-03-18,2022-03-26,1265112.82,1136818.96,Settled,,AGT018,East,Disability,8
CLM00450,MEM0335,2022-02-10,2022-03-03,916412.86,771911.87,Settled,,AGT014,North,Full Withdrawal,21
CLM00451,MEM0079,2023-02-25,2023-03-08,1340245.92,0,Rejected,Policy Lapsed,AGT014,East,Full Withdrawal,11
CLM00452,MEM0311,2022-10-08,2022-10-20,1451594.14,1357861.83,Settled,,AGT017,North,Disability,12
CLM00453,MEM0255,2023-02-11,2023-03-14,1947583.46,1535874.76,Settled,,AGT017,East,Partial Withdrawal,31
CLM00454,MEM0021,2024-10-13,2024-10-23,507285.27,493113.76,Settled,,AGT011,West,Partial Withdrawal,10
CLM00455,MEM0428,2024-10-08,2024-10-19,196344.02,0,Rejected,Eligibility Criteria Not Met,AGT017,North,Partial Withdrawal,11
CLM00456,MEM0234,2023-08-30,2023-09-06,244627.38,233784.17,Settled,,AGT002,West,Death Benefit,7
CLM00457,MEM0185,2023-10-03,,1709929.51,0,Pending,,AGT004,North,Disability,
CLM00458,MEM0005,2022-10-11,,1794328.85,0,Pending,,AGT012,East,Partial Withdrawal,
CLM00459,MEM0138,2022-07-10,2022-08-13,271972.4,212560.01,Settled,,AGT006,East,Death Benefit,34
CLM00460,MEM0198,2024-09-06,2024-10-06,308397.57,0,Rejected,Eligibility Criteria Not Met,AGT004,South,Disability,30
CLM00461,MEM0054,2024-05-02,2024-05-24,1242080.16,0,Rejected,Incomplete Documentation,AGT006,West,Disability,22
CLM00462,MEM0442,2022-09-25,2022-10-04,1780808.16,1386330.41,Settled,,AGT004,West,Disability,9
CLM00463,MEM0161,2022-01-26,2022-02-01,1070051.19,0,Rejected,Fraudulent Activity Suspected,AGT017,East,Partial Withdrawal,6
CLM00464,MEM0339,2023-05-25,2023-06-16,339876.18,0,Rejected,Incomplete Documentation,AGT013,East,Disability,22
CLM00465,MEM0006,2022-11-18,2022-12-08,195987.22,156646.4,Settled,,AGT006,West,Disability,20
CLM00466,MEM0143,2022-04-14,2022-05-17,1643351.45,1545372.18,Settled,,AGT013,West,Partial Withdrawal,33
CLM00467,MEM0230,2022-06-30,2022-08-15,281478.36,198535.34,Settled,,AGT011,West,Disability,46
CLM00468,MEM0207,2024-04-24,,1593977.41,0,Pending,,AGT003,North,Full Withdrawal,
CLM00469,MEM0327,2023-09-16,2023-10-05,758517.83,723091.43,Settled,,AGT011,West,Partial Withdrawal,19
CLM00470,MEM0170,2024-08-26,2024-08-29,240002.19,0,Rejected,Duplicate Claim,AGT004,West,Death Benefit,3
CLM00471,MEM0182,2023-08-21,2023-10-17,1798910.38,1646105.24,Settled,,AGT002,North,Death Benefit,57
CLM00472,MEM0370,2024-04-18,2024-06-16,432046.86,353357.71,Settled,,AGT020,East,Full Withdrawal,59
CLM00473,MEM0235,2023-01-26,2023-03-15,140675.71,123322.42,Settled,,AGT014,North,Death Benefit,48
CLM00474,MEM0396,2024-07-11,2024-07-31,58458.37,0,Rejected,Fraudulent Activity Suspected,AGT016,South,Disability,20
CLM00475,MEM0430,2024-09-16,2024-10-08,251930.22,0,Rejected,Duplicate Claim,AGT005,South,Partial Withdrawal,22
CLM00476,MEM0259,2024-02-27,2024-03-21,825846.49,690286.85,Settled,,AGT009,South,Disability,23
CLM00477,MEM0069,2022-10-10,2022-10-30,1728379.71,0,Rejected,Eligibility Criteria Not Met,AGT018,East,Disability,20
CLM00478,MEM0103,2023-03-06,2023-03-14,1963604.22,0,Rejected,Policy Lapsed,AGT005,East,Death Benefit,8
CLM00479,MEM0278,2023-10-23,2023-12-09,986721.35,900913.19,Settled,,AGT018,East,Full Withdrawal,47
CLM00480,MEM0346,2024-12-29,2024-12-31,1069323.47,765549.52,Settled,,AGT001,West,Death Benefit,14
CLM00481,MEM0029,2023-02-14,2023-02-22,1382611.14,1254275.04,Settled,,AGT010,South,Death Benefit,8
CLM00482,MEM0152,2023-02-22,,249836.01,0,Pending,,AGT015,East,Full Withdrawal,
CLM00483,MEM0379,2023-04-05,2023-04-17,1579398.99,0,Rejected,Incomplete Documentation,AGT017,South,Disability,12
CLM00484,MEM0475,2024-02-21,2024-04-13,1933374.77,1499143.32,Settled,,AGT011,West,Disability,52
CLM00485,MEM0318,2024-06-26,2024-08-19,1115899.52,1023809.19,Settled,,AGT019,East,Partial Withdrawal,54
CLM00486,MEM0100,2023-08-26,2023-10-02,414604.33,305068.41,Settled,,AGT003,South,Disability,37
CLM00487,MEM0021,2024-05-27,2024-05-30,363811.26,0,Rejected,Duplicate Claim,AGT005,East,Death Benefit,3
CLM00488,MEM0239,2022-11-14,2022-12-07,1213916.65,0,Rejected,Policy Lapsed,AGT011,South,Full Withdrawal,23
CLM00489,MEM0432,2023-09-09,2023-09-28,1578861.32,1558488.19,Settled,,AGT003,East,Disability,19
CLM00490,MEM0267,2022-05-20,2022-06-08,1097220.11,1058838.28,Settled,,AGT018,West,Partial Withdrawal,19
CLM00491,MEM0340,2023-11-11,2023-11-30,475968.31,0,Rejected,Fraudulent Activity Suspected,AGT010,East,Death Benefit,19
CLM00492,MEM0288,2022-01-19,2022-03-04,518678.36,401015.21,Settled,,AGT015,East,Full Withdrawal,44
CLM00493,MEM0021,2023-10-20,2023-10-23,550351.59,0,Rejected,Policy Lapsed,AGT013,North,Disability,3
CLM00494,MEM0421,2024-02-07,2024-02-20,628046.24,0,Rejected,Policy Lapsed,AGT002,West,Disability,13
CLM00495,MEM0043,2022-07-16,2022-08-03,461023.88,442345.62,Settled,,AGT003,North,Partial Withdrawal,18
CLM00496,MEM0218,2022-08-01,2022-09-04,1506437.11,1378481.07,Settled,,AGT003,West,Partial Withdrawal,34
CLM00497,MEM0020,2022-06-29,2022-08-09,1598718.83,1513164.66,Settled,,AGT006,North,Full Withdrawal,41
CLM00498,MEM0467,2023-06-14,2023-06-20,1278923.67,1044689.52,Settled,,AGT015,West,Disability,6
CLM00499,MEM0061,2024-12-31,2024-12-31,138757.86,0,Rejected,Policy Lapsed,AGT019,North,Full Withdrawal,14
CLM00500,MEM0055,2023-08-17,2023-09-16,1542284.77,1459983.38,Settled,,AGT010,North,Death Benefit,30
CLM00501,MEM0016,2024-08-28,2024-09-27,1506170.13,0,Rejected,Policy Lapsed,AGT005,South,Partial Withdrawal,30
CLM00502,MEM0152,2022-10-23,2022-11-04,1129372.17,804713.75,Settled,,AGT001,East,Death Benefit,12
CLM00503,MEM0294,2024-03-18,,1509178.34,0,Pending,,AGT007,East,Full Withdrawal,
CLM00504,MEM0177,2023-03-10,2023-03-31,408785.81,309981.41,Settled,,AGT006,South,Disability,21
CLM00505,MEM0093,2022-04-22,2022-05-09,1359786.24,1247844.25,Settled,,AGT010,North,Disability,17
CLM00506,MEM0250,2023-11-09,2023-11-26,245087.86,194927.14,Settled,,AGT008,South,Death Benefit,17
CLM00507,MEM0231,2023-11-04,2023-11-20,1155380.69,0,Rejected,Eligibility Criteria Not Met,AGT019,South,Death Benefit,16
CLM00508,MEM0003,2023-10-04,2023-11-21,589525.68,542299.86,Settled,,AGT014,South,Partial Withdrawal,48
CLM00509,MEM0450,2024-09-09,2024-09-20,1560795.57,1174859.29,Settled,,AGT012,West,Disability,11
CLM00510,MEM0311,2022-06-17,2022-07-10,433042.26,0,Rejected,Incomplete Documentation,AGT018,South,Death Benefit,23
CLM00511,MEM0373,2022-06-04,2022-06-13,1178856.54,0,Rejected,Incomplete Documentation,AGT019,North,Full Withdrawal,9
CLM00512,MEM0283,2023-06-18,,815371.77,0,Pending,,AGT012,South,Disability,
CLM00513,MEM0302,2023-08-19,2023-09-25,1045303.39,735033.83,Settled,,AGT017,West,Partial Withdrawal,37
CLM00514,MEM0123,2022-12-06,,399333.11,0,Pending,,AGT006,West,Partial Withdrawal,
CLM00515,MEM0338,2022-10-27,2022-11-05,476697.28,371493.59,Settled,,AGT002,East,Disability,9
CLM00516,MEM0120,2022-03-29,2022-04-05,965864.75,687668.09,Settled,,AGT013,East,Partial Withdrawal,7
CLM00517,MEM0333,2023-10-26,2023-11-24,1178331.3,1055905.73,Settled,,AGT009,East,Full Withdrawal,29
CLM00518,MEM0188,2022-06-09,2022-08-08,1056924.98,849249.47,Settled,,AGT008,West,Death Benefit,60
CLM00519,MEM0406,2024-09-14,2024-10-30,372931.35,292468.75,Settled,,AGT015,South,Full Withdrawal,46
CLM00520,MEM0077,2023-01-18,2023-02-06,1448740.28,1194318.46,Settled,,AGT020,East,Partial Withdrawal,19
CLM00521,MEM0170,2022-08-21,2022-10-18,460872.7,379422.56,Settled,,AGT016,West,Disability,58
CLM00522,MEM0125,2022-03-30,2022-05-10,1277603.83,950613.31,Settled,,AGT005,South,Partial Withdrawal,41
CLM00523,MEM0086,2023-06-13,2023-08-03,1940025.19,1781704.19,Settled,,AGT020,West,Partial Withdrawal,51
CLM00524,MEM0421,2023-08-04,2023-09-08,1232725.5,925986.46,Settled,,AGT015,South,Full Withdrawal,35
CLM00525,MEM0426,2024-04-21,2024-06-11,1336315.06,1210270.28,Settled,,AGT020,South,Partial Withdrawal,51
CLM00526,MEM0473,2024-07-17,2024-08-03,801650.67,686865.04,Settled,,AGT013,South,Full Withdrawal,17
CLM00527,MEM0466,2024-10-29,2024-12-12,237782.22,209235.07,Settled,,AGT020,South,Disability,44
CLM00528,MEM0450,2024-12-24,,1335815.59,0,Pending,,AGT016,North,Full Withdrawal,
CLM00529,MEM0277,2022-01-03,2022-01-19,1755907.39,0,Rejected,Eligibility Criteria Not Met,AGT012,West,Disability,16
CLM00530,MEM0481,2024-09-14,,1619011.03,0,Pending,,AGT019,East,Disability,
CLM00531,MEM0429,2022-07-20,2022-09-17,980425.41,710950.85,Settled,,AGT009,South,Disability,59
CLM00532,MEM0307,2024-04-16,2024-05-07,1432840.23,0,Rejected,Policy Lapsed,AGT001,South,Death Benefit,21
CLM00533,MEM0061,2024-11-30,2024-12-28,1391145.14,1018283.42,Settled,,AGT007,West,Full Withdrawal,28
CLM00534,MEM0219,2023-06-04,2023-07-22,763005.98,625082.15,Settled,,AGT019,West,Death Benefit,48
CLM00535,MEM0105,2024-04-26,2024-05-20,1140232.97,995760.15,Settled,,AGT012,South,Disability,24
CLM00536,MEM0397,2024-03-26,2024-04-03,920860.01,0,Rejected,Incomplete Documentation,AGT008,North,Partial Withdrawal,8
CLM00537,MEM0110,2024-11-07,2024-11-11,1247349.47,0,Rejected,Eligibility Criteria Not Met,AGT018,East,Disability,4
CLM00538,MEM0200,2022-01-11,2022-01-20,1855430.49,1445246.02,Settled,,AGT016,South,Full Withdrawal,9
CLM00539,MEM0190,2022-06-13,2022-08-02,1247232.9,1233586.86,Settled,,AGT013,West,Full Withdrawal,50
CLM00540,MEM0030,2022-12-25,2023-01-22,443329.12,0,Rejected,Policy Lapsed,AGT001,West,Disability,28
CLM00541,MEM0147,2023-02-03,2023-02-23,380491.64,341112.94,Settled,,AGT020,South,Full Withdrawal,20
CLM00542,MEM0500,2022-11-19,2022-12-31,738598.94,561403.97,Settled,,AGT013,East,Full Withdrawal,42
CLM00543,MEM0008,2022-05-21,2022-07-17,1834267.5,1436144.06,Settled,,AGT018,East,Full Withdrawal,57
CLM00544,MEM0311,2023-02-03,2023-03-12,59070.33,43235.91,Settled,,AGT019,West,Disability,37
CLM00545,MEM0038,2024-10-27,,1615737.37,0,Pending,,AGT004,East,Death Benefit,
CLM00546,MEM0449,2023-05-28,2023-06-23,993078.3,981530.41,Settled,,AGT019,West,Disability,26
CLM00547,MEM0235,2024-08-01,2024-09-25,552748.54,551786.43,Settled,,AGT004,West,Full Withdrawal,55
CLM00548,MEM0347,2023-04-16,2023-06-13,1057183.22,823550.92,Settled,,AGT012,West,Death Benefit,58
CLM00549,MEM0148,2022-07-10,2022-08-04,1131375.43,911958.04,Settled,,AGT003,East,Disability,25
CLM00550,MEM0458,2023-07-06,2023-07-26,1487368.88,1430585.23,Settled,,AGT016,South,Partial Withdrawal,20
CLM00551,MEM0106,2023-04-15,2023-04-21,744253.38,0,Rejected,Incomplete Documentation,AGT020,South,Partial Withdrawal,6
CLM00552,MEM0347,2024-10-05,2024-11-15,773833.24,743367.93,Settled,,AGT016,North,Full Withdrawal,41
CLM00553,MEM0252,2023-01-10,2023-02-17,1512830.3,1421729.13,Settled,,AGT008,West,Death Benefit,38
CLM00554,MEM0245,2022-03-08,2022-04-15,941532.27,789023.98,Settled,,AGT006,West,Death Benefit,38
CLM00555,MEM0353,2022-01-18,2022-03-03,1182966.03,1133935.17,Settled,,AGT013,South,Full Withdrawal,44
CLM00556,MEM0096,2023-06-23,2023-07-09,1919127.29,1630550.05,Settled,,AGT016,East,Partial Withdrawal,16
CLM00557,MEM0108,2024-05-08,2024-05-21,595277.59,591576.0,Settled,,AGT013,East,Death Benefit,13
CLM00558,MEM0352,2023-04-14,,1132913.09,0,Pending,,AGT008,East,Full Withdrawal,
CLM00559,MEM0101,2022-10-26,2022-12-24,394384.19,350684.68,Settled,,AGT001,West,Partial Withdrawal,59
CLM00560,MEM0274,2023-10-09,2023-11-08,1146169.98,836351.57,Settled,,AGT009,East,Disability,30
CLM00561,MEM0084,2022-05-03,2022-06-24,1685994.83,1349465.14,Settled,,AGT016,East,Partial Withdrawal,52
CLM00562,MEM0185,2024-01-08,2024-02-25,852933.76,843496.02,Settled,,AGT001,East,Death Benefit,48
CLM00563,MEM0102,2022-12-24,2023-02-14,1362726.04,1136621.22,Settled,,AGT011,East,Death Benefit,52
CLM00564,MEM0041,2024-02-20,2024-03-17,1743102.42,1440752.5,Settled,,AGT005,West,Death Benefit,26
CLM00565,MEM0314,2024-04-08,2024-05-24,720069.7,566987.85,Settled,,AGT006,North,Full Withdrawal,46
CLM00566,MEM0137,2024-03-20,2024-04-22,1508396.22,1243215.21,Settled,,AGT012,West,Death Benefit,33
CLM00567,MEM0095,2022-02-17,2022-02-22,1883852.81,0,Rejected,Eligibility Criteria Not Met,AGT009,South,Partial Withdrawal,5
CLM00568,MEM0086,2024-03-24,2024-04-01,1876747.64,1328567.43,Settled,,AGT003,North,Full Withdrawal,8
CLM00569,MEM0204,2024-12-09,2024-12-31,1255299.23,995215.28,Settled,,AGT009,North,Full Withdrawal,29
CLM00570,MEM0127,2023-08-05,2023-08-12,1077147.56,968425.39,Settled,,AGT005,South,Disability,7
CLM00571,MEM0441,2023-10-29,2023-11-11,1872972.26,1855858.31,Settled,,AGT018,West,Disability,13
CLM00572,MEM0358,2022-12-29,2023-01-25,1297583.69,1095803.59,Settled,,AGT017,West,Disability,27
CLM00573,MEM0117,2022-07-03,2022-07-08,853797.42,597681.85,Settled,,AGT012,East,Disability,5
CLM00574,MEM0418,2022-10-07,2022-10-25,1093442.83,0,Rejected,Fraudulent Activity Suspected,AGT016,East,Death Benefit,18
CLM00575,MEM0154,2022-01-19,2022-02-16,500870.02,378943.88,Settled,,AGT020,East,Disability,28
CLM00576,MEM0452,2024-06-14,2024-08-11,1444129.07,1174809.71,Settled,,AGT006,South,Disability,58
CLM00577,MEM0135,2022-06-12,,1540849.67,0,Pending,,AGT017,South,Disability,
CLM00578,MEM0414,2023-07-11,2023-07-24,416601.22,327814.58,Settled,,AGT014,East,Death Benefit,13
CLM00579,MEM0327,2024-07-21,2024-08-04,1009392.23,721604.03,Settled,,AGT020,East,Disability,14
CLM00580,MEM0274,2022-02-15,2022-03-13,574930.51,0,Rejected,Incomplete Documentation,AGT010,North,Partial Withdrawal,26
CLM00581,MEM0120,2022-07-04,2022-08-28,473516.77,445029.39,Settled,,AGT016,North,Partial Withdrawal,55
CLM00582,MEM0191,2024-08-07,,1694915.28,0,Pending,,AGT003,East,Full Withdrawal,
CLM00583,MEM0029,2023-06-30,2023-08-27,966786.21,749282.36,Settled,,AGT018,North,Disability,58
CLM00584,MEM0196,2022-01-26,2022-03-19,1553889.4,1551341.99,Settled,,AGT013,South,Full Withdrawal,52
CLM00585,MEM0102,2024-08-01,,808789.77,0,Pending,,AGT016,South,Full Withdrawal,
CLM00586,MEM0480,2023-10-24,2023-12-08,1065806.19,841607.38,Settled,,AGT018,North,Partial Withdrawal,45
CLM00587,MEM0185,2022-04-17,2022-05-02,1284172.48,1204961.02,Settled,,AGT008,North,Partial Withdrawal,15
CLM00588,MEM0300,2022-09-03,2022-10-22,1939228.11,1633957.16,Settled,,AGT001,South,Disability,49
CLM00589,MEM0306,2022-11-14,2022-12-28,357511.99,286555.38,Settled,,AGT008,North,Death Benefit,44
CLM00590,MEM0497,2022-05-03,2022-05-10,1417589.87,0,Rejected,Fraudulent Activity Suspected,AGT005,East,Full Withdrawal,7
CLM00591,MEM0120,2023-10-11,2023-12-01,91638.02,67850.59,Settled,,AGT007,West,Death Benefit,51
CLM00592,MEM0461,2022-03-22,2022-03-31,624693.46,0,Rejected,Policy Lapsed,AGT018,West,Disability,9
CLM00593,MEM0096,2023-12-14,2024-02-12,1741940.59,1509140.84,Settled,,AGT009,West,Death Benefit,60
CLM00594,MEM0036,2024-12-23,2024-12-31,1647866.18,1153862.18,Settled,,AGT010,West,Partial Withdrawal,34
CLM00595,MEM0327,2024-11-02,2024-12-16,1258482.48,971090.35,Settled,,AGT001,South,Disability,44
CLM00596,MEM0370,2022-05-10,2022-05-17,1382287.16,0,Rejected,Policy Lapsed,AGT017,South,Disability,7
CLM00597,MEM0145,2023-10-23,2023-10-27,237699.78,0,Rejected,Eligibility Criteria Not Met,AGT004,East,Disability,4
CLM00598,MEM0092,2022-03-06,2022-04-21,423652.45,402846.82,Settled,,AGT016,North,Partial Withdrawal,46
CLM00599,MEM0337,2024-09-30,2024-10-03,480409.43,0,Rejected,Eligibility Criteria Not Met,AGT012,North,Death Benefit,3
CLM00600,MEM0336,2024-10-03,2024-10-19,753805.8,0,Rejected,Duplicate Claim,AGT002,West,Full Withdrawal,16
CLM00601,MEM0407,2022-04-30,2022-05-18,1677190.17,1657359.11,Settled,,AGT003,North,Death Benefit,18
CLM00602,MEM0050,2022-07-27,2022-08-17,426582.92,0,Rejected,Eligibility Criteria Not Met,AGT007,West,Partial Withdrawal,21
CLM00603,MEM0286,2024-04-30,2024-05-11,1419973.31,1065040.75,Settled,,AGT015,East,Full Withdrawal,11
CLM00604,MEM0093,2024-04-02,2024-04-29,1996945.47,1938525.81,Settled,,AGT018,South,Death Benefit,27
CLM00605,MEM0282,2023-10-27,2023-11-16,1661002.2,1443316.92,Settled,,AGT014,West,Death Benefit,20
CLM00606,MEM0110,2024-02-08,2024-03-30,922624.59,655431.47,Settled,,AGT015,East,Death Benefit,51
CLM00607,MEM0146,2022-02-03,2022-04-03,635651.23,505006.72,Settled,,AGT001,East,Partial Withdrawal,59
CLM00608,MEM0396,2023-07-20,2023-08-10,947721.12,767772.45,Settled,,AGT002,North,Partial Withdrawal,21
CLM00609,MEM0299,2023-05-27,2023-06-14,229214.99,210941.92,Settled,,AGT010,East,Partial Withdrawal,18
CLM00610,MEM0371,2023-10-27,2023-11-17,1660125.23,0,Rejected,Incomplete Documentation,AGT016,South,Disability,21
CLM00611,MEM0305,2023-09-08,,1571237.72,0,Pending,,AGT003,West,Full Withdrawal,
CLM00612,MEM0172,2023-12-14,2024-01-29,1746083.7,1667236.58,Settled,,AGT004,West,Disability,46
CLM00613,MEM0476,2022-01-24,2022-03-06,1072547.54,798912.78,Settled,,AGT010,North,Disability,41
CLM00614,MEM0258,2023-03-29,2023-04-19,1943528.48,0,Rejected,Policy Lapsed,AGT013,North,Partial Withdrawal,21
CLM00615,MEM0047,2023-03-31,2023-05-05,338624.18,295088.01,Settled,,AGT013,East,Disability,35
CLM00616,MEM0026,2024-03-28,2024-04-04,1028555.08,0,Rejected,Eligibility Criteria Not Met,AGT013,North,Death Benefit,7
CLM00617,MEM0247,2023-02-10,2023-04-03,432393.64,370679.97,Settled,,AGT019,West,Disability,52
CLM00618,MEM0125,2022-05-27,2022-06-08,1385239.05,1248826.62,Settled,,AGT011,West,Death Benefit,12
CLM00619,MEM0217,2024-01-19,2024-02-15,721823.57,0,Rejected,Duplicate Claim,AGT011,South,Death Benefit,27
CLM00620,MEM0087,2023-12-18,2023-12-27,137511.22,0,Rejected,Duplicate Claim,AGT015,South,Disability,9
CLM00621,MEM0080,2022-06-25,,1900434.78,0,Pending,,AGT008,North,Full Withdrawal,
CLM00622,MEM0445,2023-08-13,2023-09-08,644980.2,491928.24,Settled,,AGT004,East,Full Withdrawal,26
CLM00623,MEM0276,2023-03-10,2023-03-17,991901.34,0,Rejected,Incomplete Documentation,AGT018,East,Partial Withdrawal,7
CLM00624,MEM0193,2024-12-14,2024-12-31,167214.6,148050.04,Settled,,AGT006,East,Full Withdrawal,49
CLM00625,MEM0028,2024-08-10,2024-09-03,1337727.01,0,Rejected,Duplicate Claim,AGT013,North,Full Withdrawal,24
CLM00626,MEM0443,2022-08-09,2022-09-28,500778.81,365509.0,Settled,,AGT013,East,Full Withdrawal,50
CLM00627,MEM0162,2024-09-19,2024-11-08,1026269.1,725004.25,Settled,,AGT007,South,Full Withdrawal,50
CLM00628,MEM0127,2024-12-20,2024-12-31,817129.64,739742.08,Settled,,AGT016,East,Death Benefit,27
CLM00629,MEM0182,2023-09-12,,1270295.11,0,Pending,,AGT002,East,Partial Withdrawal,
CLM00630,MEM0456,2022-03-02,2022-03-15,716483.0,520409.19,Settled,,AGT005,South,Death Benefit,13
CLM00631,MEM0196,2024-12-02,2024-12-26,1167152.18,1135546.42,Settled,,AGT008,West,Partial Withdrawal,24
CLM00632,MEM0169,2024-07-08,2024-07-17,1183009.87,0,Rejected,Eligibility Criteria Not Met,AGT005,South,Partial Withdrawal,9
CLM00633,MEM0159,2024-12-08,2024-12-23,1329651.92,1057404.18,Settled,,AGT005,West,Partial Withdrawal,15
CLM00634,MEM0286,2024-12-27,2024-12-31,1687068.89,1568350.7,Settled,,AGT011,South,Full Withdrawal,6
CLM00635,MEM0451,2024-04-27,2024-05-20,1503938.97,0,Rejected,Duplicate Claim,AGT015,East,Disability,23
CLM00636,MEM0078,2023-01-20,,101086.53,0,Pending,,AGT006,South,Full Withdrawal,
CLM00637,MEM0316,2023-07-01,2023-08-19,1390386.88,1298548.87,Settled,,AGT008,South,Partial Withdrawal,49
CLM00638,MEM0069,2024-10-25,2024-11-07,1711652.39,1282260.28,Settled,,AGT006,East,Disability,13
CLM00639,MEM0116,2022-03-08,2022-04-24,1902886.18,1896174.75,Settled,,AGT009,North,Disability,47
CLM00640,MEM0388,2023-02-23,2023-03-20,1740901.56,1671322.03,Settled,,AGT015,South,Full Withdrawal,25
CLM00641,MEM0455,2023-05-21,2023-06-16,1235463.42,0,Rejected,Duplicate Claim,AGT002,West,Disability,26
CLM00642,MEM0202,2024-12-11,,940955.83,0,Pending,,AGT015,North,Full Withdrawal,
CLM00643,MEM0450,2023-05-19,2023-05-23,805425.81,0,Rejected,Eligibility Criteria Not Met,AGT018,North,Disability,4
CLM00644,MEM0150,2024-06-19,2024-08-02,949626.97,926560.38,Settled,,AGT010,East,Disability,44
CLM00645,MEM0354,2024-11-24,2024-12-10,226359.57,211333.67,Settled,,AGT015,West,Partial Withdrawal,16
CLM00646,MEM0481,2022-10-05,2022-11-16,929227.42,900407.67,Settled,,AGT011,West,Disability,42
CLM00647,MEM0459,2023-02-18,2023-04-09,681945.82,640310.21,Settled,,AGT009,North,Disability,50
CLM00648,MEM0368,2022-09-11,2022-10-31,1286441.22,1048740.6,Settled,,AGT015,North,Full Withdrawal,50
CLM00649,MEM0406,2024-11-13,2024-11-26,792183.67,0,Rejected,Policy Lapsed,AGT018,West,Partial Withdrawal,13
CLM00650,MEM0447,2022-11-04,2022-11-28,1549855.75,1228811.64,Settled,,AGT006,South,Partial Withdrawal,24
CLM00651,MEM0394,2024-07-02,,1802156.73,0,Pending,,AGT004,South,Death Benefit,
CLM00652,MEM0002,2023-06-03,2023-06-08,1718051.56,1516000.41,Settled,,AGT016,West,Full Withdrawal,5
CLM00653,MEM0253,2023-05-03,2023-06-15,849795.16,596532.33,Settled,,AGT015,West,Partial Withdrawal,43
CLM00654,MEM0452,2023-07-24,2023-07-28,339099.53,0,Rejected,Eligibility Criteria Not Met,AGT006,North,Partial Withdrawal,4
CLM00655,MEM0438,2022-03-08,2022-03-24,145611.16,108975.47,Settled,,AGT003,East,Death Benefit,16
CLM00656,MEM0146,2022-12-30,2023-01-27,231596.26,224476.74,Settled,,AGT002,East,Disability,28
CLM00657,MEM0420,2022-05-19,2022-07-18,968092.85,757363.78,Settled,,AGT010,North,Disability,60
CLM00658,MEM0270,2024-04-27,2024-06-11,163459.95,140360.44,Settled,,AGT020,South,Partial Withdrawal,45
CLM00659,MEM0045,2024-09-17,2024-10-28,1703206.04,1700663.67,Settled,,AGT020,West,Death Benefit,41
CLM00660,MEM0182,2022-09-23,,1625561.7,0,Pending,,AGT016,West,Disability,
CLM00661,MEM0120,2023-08-18,2023-08-30,96774.26,89152.37,Settled,,AGT004,North,Partial Withdrawal,12
CLM00662,MEM0107,2024-04-29,2024-05-08,731817.59,0,Rejected,Incomplete Documentation,AGT011,North,Disability,9
CLM00663,MEM0328,2023-02-17,2023-03-14,650156.47,604716.89,Settled,,AGT003,East,Death Benefit,25
CLM00664,MEM0059,2023-11-14,2023-11-30,1251187.02,948655.85,Settled,,AGT019,West,Death Benefit,16
CLM00665,MEM0427,2023-11-24,2024-01-08,1309021.83,1097202.96,Settled,,AGT002,West,Disability,45
CLM00666,MEM0443,2023-11-18,2024-01-08,1678456.19,1516416.83,Settled,,AGT002,West,Disability,51
CLM00667,MEM0285,2022-02-08,2022-04-07,179115.43,127055.88,Settled,,AGT012,East,Partial Withdrawal,58
CLM00668,MEM0193,2024-12-30,,1210624.14,0,Pending,,AGT006,West,Partial Withdrawal,
CLM00669,MEM0385,2023-09-24,2023-10-14,857045.66,695471.19,Settled,,AGT009,North,Death Benefit,20
CLM00670,MEM0425,2023-09-12,2023-10-09,268850.98,0,Rejected,Eligibility Criteria Not Met,AGT006,East,Partial Withdrawal,27
CLM00671,MEM0468,2022-07-09,2022-08-04,1814663.81,1773091.73,Settled,,AGT016,North,Disability,26
CLM00672,MEM0376,2024-12-08,2024-12-31,1550488.72,1400114.86,Settled,,AGT005,East,Death Benefit,38
CLM00673,MEM0068,2023-02-25,2023-03-02,1441670.91,1143669.45,Settled,,AGT013,West,Full Withdrawal,5
CLM00674,MEM0023,2022-06-28,2022-07-24,251050.52,0,Rejected,Duplicate Claim,AGT002,West,Death Benefit,26
CLM00675,MEM0012,2023-10-02,2023-10-27,425464.0,396462.73,Settled,,AGT007,East,Partial Withdrawal,25
CLM00676,MEM0344,2022-08-29,2022-10-12,583591.93,506492.27,Settled,,AGT006,South,Death Benefit,44
CLM00677,MEM0053,2023-02-28,2023-03-12,326035.82,0,Rejected,Policy Lapsed,AGT009,East,Death Benefit,12
CLM00678,MEM0126,2022-12-17,2022-12-25,1789874.05,1322756.66,Settled,,AGT020,East,Full Withdrawal,8
CLM00679,MEM0242,2022-04-14,2022-06-03,217933.18,191527.61,Settled,,AGT002,West,Full Withdrawal,50
CLM00680,MEM0304,2024-07-02,2024-07-26,1644011.86,0,Rejected,Policy Lapsed,AGT011,East,Death Benefit,24
CLM00681,MEM0041,2024-08-11,2024-09-26,239662.84,218827.7,Settled,,AGT015,North,Partial Withdrawal,46
CLM00682,MEM0239,2024-08-21,2024-09-18,1729137.74,1413782.92,Settled,,AGT005,South,Partial Withdrawal,28
CLM00683,MEM0359,2023-11-08,2023-12-05,109015.06,91964.63,Settled,,AGT016,West,Death Benefit,27
CLM00684,MEM0434,2022-12-16,2023-01-15,1170622.6,1106549.59,Settled,,AGT020,East,Death Benefit,30
CLM00685,MEM0408,2022-08-08,2022-09-08,1088853.85,840129.78,Settled,,AGT010,North,Death Benefit,31
CLM00686,MEM0125,2022-11-22,2022-12-13,714392.61,0,Rejected,Fraudulent Activity Suspected,AGT003,West,Disability,21
CLM00687,MEM0402,2024-06-10,2024-07-30,1342093.9,1170650.11,Settled,,AGT006,South,Death Benefit,50
CLM00688,MEM0250,2022-08-23,2022-09-16,240425.12,237243.1,Settled,,AGT018,East,Disability,24
CLM00689,MEM0036,2022-08-11,2022-08-29,1307728.78,1235947.65,Settled,,AGT016,East,Disability,18
CLM00690,MEM0455,2022-01-01,2022-02-11,1085948.85,905841.99,Settled,,AGT015,South,Partial Withdrawal,41
CLM00691,MEM0106,2023-10-11,,1449692.88,0,Pending,,AGT014,East,Death Benefit,
CLM00692,MEM0046,2022-01-17,,171700.59,0,Pending,,AGT010,South,Disability,
CLM00693,MEM0496,2022-04-19,,1729433.29,0,Pending,,AGT004,East,Full Withdrawal,
CLM00694,MEM0121,2024-06-03,2024-06-21,841763.68,756531.97,Settled,,AGT013,East,Disability,18
CLM00695,MEM0244,2022-10-12,2022-12-11,1687927.24,1520855.91,Settled,,AGT012,West,Partial Withdrawal,60
CLM00696,MEM0069,2022-01-24,2022-02-25,1456611.5,1445676.0,Settled,,AGT005,North,Full Withdrawal,32
CLM00697,MEM0070,2022-06-23,2022-07-09,1792485.81,0,Rejected,Policy Lapsed,AGT015,West,Partial Withdrawal,16
CLM00698,MEM0093,2024-07-19,2024-08-31,742849.1,521650.18,Settled,,AGT013,West,Disability,43
CLM00699,MEM0256,2023-04-30,2023-05-07,1173887.09,1021804.0,Settled,,AGT018,West,Death Benefit,7
CLM00700,MEM0361,2024-01-25,2024-02-24,327070.59,0,Rejected,Duplicate Claim,AGT003,West,Full Withdrawal,30
CLM00701,MEM0239,2024-11-24,2024-12-18,971280.57,0,Rejected,Incomplete Documentation,AGT008,North,Full Withdrawal,24
CLM00702,MEM0351,2023-10-02,2023-11-08,1568127.91,1523932.62,Settled,,AGT018,East,Full Withdrawal,37
CLM00703,MEM0294,2023-11-10,2023-12-23,613956.46,567803.87,Settled,,AGT010,East,Disability,43
CLM00704,MEM0373,2023-06-18,2023-07-11,379704.52,357935.58,Settled,,AGT019,West,Full Withdrawal,23
CLM00705,MEM0320,2022-02-25,2022-04-21,297301.6,232892.59,Settled,,AGT003,West,Death Benefit,55
CLM00706,MEM0068,2023-07-30,2023-09-10,1495786.87,1378652.05,Settled,,AGT001,East,Death Benefit,42
CLM00707,MEM0338,2024-07-03,2024-07-19,1575929.03,1481076.39,Settled,,AGT009,South,Death Benefit,16
CLM00708,MEM0442,2022-03-09,2022-04-07,1211310.98,0,Rejected,Fraudulent Activity Suspected,AGT005,North,Death Benefit,29
CLM00709,MEM0386,2024-04-25,2024-06-05,1465698.23,1348894.3,Settled,,AGT015,South,Disability,41
CLM00710,MEM0177,2022-04-22,2022-05-16,376820.77,317614.64,Settled,,AGT002,North,Death Benefit,24
CLM00711,MEM0486,2024-12-26,2024-12-31,975449.68,810033.21,Settled,,AGT013,West,Partial Withdrawal,60
CLM00712,MEM0148,2024-07-08,2024-08-16,1381608.81,1231327.41,Settled,,AGT017,East,Disability,39
CLM00713,MEM0490,2024-06-03,2024-07-19,570821.24,499613.03,Settled,,AGT009,East,Death Benefit,46
CLM00714,MEM0237,2023-05-11,2023-05-16,660876.16,627506.44,Settled,,AGT006,East,Partial Withdrawal,5
CLM00715,MEM0007,2024-04-22,2024-05-03,735457.02,0,Rejected,Eligibility Criteria Not Met,AGT015,North,Full Withdrawal,11
CLM00716,MEM0018,2022-02-18,2022-03-12,1330380.76,0,Rejected,Incomplete Documentation,AGT020,North,Full Withdrawal,22
CLM00717,MEM0363,2022-09-03,,1329969.53,0,Pending,,AGT013,South,Full Withdrawal,
CLM00718,MEM0290,2023-01-14,2023-01-19,624408.8,0,Rejected,Fraudulent Activity Suspected,AGT009,South,Full Withdrawal,5
CLM00719,MEM0473,2023-07-21,2023-09-13,365833.76,262930.65,Settled,,AGT009,East,Disability,54
CLM00720,MEM0199,2023-11-13,2023-11-30,396962.5,350553.84,Settled,,AGT009,East,Full Withdrawal,17
CLM00721,MEM0092,2024-10-04,2024-11-19,1548979.28,1133659.08,Settled,,AGT018,South,Full Withdrawal,46
CLM00722,MEM0227,2023-06-15,2023-07-12,187304.04,0,Rejected,Fraudulent Activity Suspected,AGT003,North,Full Withdrawal,27
CLM00723,MEM0010,2024-10-16,2024-12-04,1345981.38,1075370.83,Settled,,AGT002,North,Partial Withdrawal,49
CLM00724,MEM0201,2022-01-08,2022-02-05,837629.87,0,Rejected,Incomplete Documentation,AGT014,West,Disability,28
CLM00725,MEM0277,2023-04-08,2023-05-05,286347.12,229086.83,Settled,,AGT016,West,Full Withdrawal,27
CLM00726,MEM0156,2024-03-31,,1092521.28,0,Pending,,AGT012,North,Full Withdrawal,
CLM00727,MEM0042,2024-07-30,,1131227.17,0,Pending,,AGT006,South,Death Benefit,
CLM00728,MEM0339,2023-01-27,2023-02-06,1279703.26,1235635.71,Settled,,AGT004,West,Death Benefit,10
CLM00729,MEM0225,2023-01-24,,99460.98,0,Pending,,AGT007,North,Partial Withdrawal,
CLM00730,MEM0123,2024-09-28,2024-11-25,1304644.89,1230976.06,Settled,,AGT018,North,Disability,58
CLM00731,MEM0495,2022-02-03,2022-02-18,708551.28,0,Rejected,Incomplete Documentation,AGT002,East,Full Withdrawal,15
CLM00732,MEM0109,2024-12-07,2024-12-31,504322.04,374447.59,Settled,,AGT019,South,Disability,52
CLM00733,MEM0335,2022-02-09,2022-02-25,1417528.78,1261314.89,Settled,,AGT008,North,Disability,16
CLM00734,MEM0464,2023-09-22,2023-11-18,382844.31,361880.18,Settled,,AGT020,West,Full Withdrawal,57
CLM00735,MEM0059,2024-10-15,2024-11-10,881112.35,0,Rejected,Fraudulent Activity Suspected,AGT007,North,Partial Withdrawal,26
CLM00736,MEM0167,2022-09-05,2022-10-01,1540244.37,1107384.21,Settled,,AGT007,East,Partial Withdrawal,26
CLM00737,MEM0141,2022-10-17,2022-11-28,1129145.07,804188.04,Settled,,AGT012,South,Disability,42
CLM00738,MEM0052,2024-02-10,2024-02-20,207409.09,189161.73,Settled,,AGT016,North,Partial Withdrawal,10
CLM00739,MEM0304,2023-08-05,2023-09-12,452012.43,377487.21,Settled,,AGT005,West,Disability,38
CLM00740,MEM0123,2022-12-24,2023-02-19,1243497.14,1162389.93,Settled,,AGT016,South,Full Withdrawal,57
CLM00741,MEM0179,2024-05-07,2024-05-18,279140.25,247227.9,Settled,,AGT007,South,Full Withdrawal,11
CLM00742,MEM0442,2024-11-05,2024-12-30,589031.84,438690.43,Settled,,AGT007,West,Partial Withdrawal,55
CLM00743,MEM0433,2024-08-29,2024-10-14,1356778.14,1097983.46,Settled,,AGT006,South,Disability,46
CLM00744,MEM0108,2024-06-09,2024-06-13,1620049.67,0,Rejected,Incomplete Documentation,AGT020,East,Death Benefit,4
CLM00745,MEM0380,2022-04-18,2022-05-08,995869.72,912635.85,Settled,,AGT001,South,Partial Withdrawal,20
CLM00746,MEM0304,2023-10-30,2023-11-18,498623.31,363705.44,Settled,,AGT011,South,Disability,19
CLM00747,MEM0378,2024-04-24,2024-05-02,193382.95,187029.67,Settled,,AGT008,West,Partial Withdrawal,8
CLM00748,MEM0075,2023-03-19,2023-04-05,778295.91,692376.97,Settled,,AGT013,South,Disability,17
CLM00749,MEM0500,2023-07-07,2023-07-29,112584.46,83419.51,Settled,,AGT005,East,Partial Withdrawal,22
CLM00750,MEM0437,2024-08-11,2024-09-03,1532662.19,1350414.55,Settled,,AGT006,West,Disability,23
CLM00751,MEM0405,2022-12-15,2023-01-02,1721098.84,1510219.93,Settled,,AGT014,North,Partial Withdrawal,18
CLM00752,MEM0429,2024-08-05,2024-08-30,1485548.78,1233413.44,Settled,,AGT014,North,Death Benefit,25
CLM00753,MEM0114,2022-11-02,2022-12-26,128114.43,109059.32,Settled,,AGT002,West,Full Withdrawal,54
CLM00754,MEM0218,2024-12-23,2024-12-31,932260.67,863202.16,Settled,,AGT004,West,Disability,40
CLM00755,MEM0355,2024-04-12,2024-04-22,626791.34,441749.4,Settled,,AGT012,South,Partial Withdrawal,10
CLM00756,MEM0343,2023-09-17,2023-10-21,1507209.06,1264741.61,Settled,,AGT019,West,Partial Withdrawal,34
CLM00757,MEM0071,2024-04-10,2024-05-25,1422609.02,1025999.25,Settled,,AGT015,East,Partial Withdrawal,45
CLM00758,MEM0458,2023-11-13,2023-12-05,1518131.62,0,Rejected,Policy Lapsed,AGT014,East,Full Withdrawal,22
CLM00759,MEM0295,2023-03-01,,1053736.14,0,Pending,,AGT002,East,Full Withdrawal,
CLM00760,MEM0187,2022-04-16,2022-05-14,957438.11,720548.98,Settled,,AGT012,West,Full Withdrawal,28
CLM00761,MEM0287,2022-05-18,2022-06-22,515333.78,474732.7,Settled,,AGT011,South,Partial Withdrawal,35
CLM00762,MEM0386,2023-03-06,2023-04-07,1800969.42,1410417.68,Settled,,AGT012,East,Partial Withdrawal,32
CLM00763,MEM0033,2024-02-03,2024-02-21,1027827.69,0,Rejected,Policy Lapsed,AGT016,West,Death Benefit,18
CLM00764,MEM0348,2024-12-27,2024-12-31,767884.41,0,Rejected,Incomplete Documentation,AGT020,West,Death Benefit,25
CLM00765,MEM0097,2024-07-26,2024-08-04,1800994.43,1319785.78,Settled,,AGT013,North,Full Withdrawal,9
CLM00766,MEM0142,2022-08-18,2022-10-02,1756236.62,1241320.48,Settled,,AGT005,West,Partial Withdrawal,45
CLM00767,MEM0214,2022-09-28,2022-10-21,915527.1,692796.02,Settled,,AGT014,East,Disability,23
CLM00768,MEM0012,2023-04-21,2023-05-16,718445.33,607693.04,Settled,,AGT019,West,Death Benefit,25
CLM00769,MEM0341,2024-12-21,,1156140.74,0,Pending,,AGT010,West,Disability,
CLM00770,MEM0157,2022-12-18,2023-02-15,775209.52,553651.29,Settled,,AGT016,South,Death Benefit,59
CLM00771,MEM0181,2023-08-06,2023-08-18,1852056.7,0,Rejected,Eligibility Criteria Not Met,AGT020,South,Disability,12
CLM00772,MEM0499,2022-12-26,,277988.8,0,Pending,,AGT008,South,Partial Withdrawal,
CLM00773,MEM0295,2022-09-17,2022-09-24,409768.34,368654.64,Settled,,AGT012,East,Disability,7
CLM00774,MEM0177,2022-10-30,2022-11-11,1952158.07,1905560.43,Settled,,AGT018,West,Death Benefit,12
CLM00775,MEM0208,2024-10-19,,354303.87,0,Pending,,AGT011,West,Partial Withdrawal,
CLM00776,MEM0280,2024-11-05,,1797156.04,0,Pending,,AGT016,East,Death Benefit,
CLM00777,MEM0387,2022-10-29,,1476699.02,0,Pending,,AGT004,East,Disability,
CLM00778,MEM0072,2022-08-28,2022-09-24,1254167.89,912713.58,Settled,,AGT013,North,Death Benefit,27
CLM00779,MEM0029,2023-02-04,2023-03-09,93969.86,84865.97,Settled,,AGT007,East,Partial Withdrawal,33
CLM00780,MEM0491,2022-06-28,2022-07-06,669627.73,651235.79,Settled,,AGT016,South,Disability,8
CLM00781,MEM0185,2024-03-25,2024-04-21,802919.61,646676.68,Settled,,AGT012,West,Partial Withdrawal,27
CLM00782,MEM0229,2022-06-29,2022-08-24,1617186.73,1485224.62,Settled,,AGT014,West,Partial Withdrawal,56
CLM00783,MEM0460,2024-05-18,2024-06-11,1215974.63,1024317.5,Settled,,AGT019,South,Disability,24
CLM00784,MEM0445,2024-12-11,2024-12-31,1524422.4,1359238.73,Settled,,AGT019,North,Death Benefit,31
CLM00785,MEM0140,2024-04-28,2024-05-14,1522725.31,1446109.56,Settled,,AGT019,West,Partial Withdrawal,16
CLM00786,MEM0149,2024-10-01,2024-11-04,642633.04,493128.36,Settled,,AGT019,East,Full Withdrawal,34
CLM00787,MEM0406,2022-01-06,2022-01-24,1914251.86,0,Rejected,Incomplete Documentation,AGT010,East,Partial Withdrawal,18
CLM00788,MEM0335,2023-08-13,2023-08-19,1818246.73,1337877.58,Settled,,AGT016,South,Disability,6
CLM00789,MEM0142,2024-10-06,2024-10-27,986947.52,876803.01,Settled,,AGT019,East,Full Withdrawal,21
CLM00790,MEM0244,2022-09-02,2022-09-27,367552.1,308123.77,Settled,,AGT009,North,Death Benefit,25
CLM00791,MEM0355,2022-10-05,2022-11-01,581707.19,415696.38,Settled,,AGT002,South,Death Benefit,27
CLM00792,MEM0150,2024-12-20,2024-12-31,1541144.29,1330182.75,Settled,,AGT006,South,Full Withdrawal,15
CLM00793,MEM0447,2023-10-10,2023-12-06,236875.15,176025.54,Settled,,AGT012,East,Death Benefit,57
CLM00794,MEM0071,2024-11-27,,853389.28,0,Pending,,AGT016,East,Death Benefit,
CLM00795,MEM0084,2022-07-29,2022-09-07,481171.33,425369.17,Settled,,AGT017,South,Partial Withdrawal,40
CLM00796,MEM0426,2024-12-12,2024-12-25,1836260.76,1794068.86,Settled,,AGT015,West,Full Withdrawal,13
CLM00797,MEM0246,2023-12-15,,1643225.47,0,Pending,,AGT005,East,Death Benefit,
CLM00798,MEM0306,2024-12-07,2024-12-17,106081.1,0,Rejected,Eligibility Criteria Not Met,AGT010,South,Death Benefit,10
CLM00799,MEM0439,2022-10-19,,459189.96,0,Pending,,AGT005,East,Partial Withdrawal,
CLM00800,MEM0218,2022-08-17,2022-08-28,1526801.37,1083781.35,Settled,,AGT016,North,Full Withdrawal,11
CLM00801,MEM0338,2024-11-17,2024-12-11,1821632.13,1639971.55,Settled,,AGT004,West,Full Withdrawal,24
CLM00802,MEM0387,2022-07-17,2022-08-13,1807290.99,1280967.61,Settled,,AGT019,South,Full Withdrawal,27
CLM00803,MEM0075,2023-07-23,2023-08-14,1717519.26,0,Rejected,Eligibility Criteria Not Met,AGT006,East,Death Benefit,22
CLM00804,MEM0259,2022-05-20,2022-06-12,473146.25,355584.57,Settled,,AGT017,North,Full Withdrawal,23
CLM00805,MEM0387,2022-01-09,2022-02-27,1710028.78,1499377.47,Settled,,AGT017,South,Full Withdrawal,49
CLM00806,MEM0226,2022-08-08,2022-09-08,876979.1,643574.31,Settled,,AGT013,East,Partial Withdrawal,31
CLM00807,MEM0161,2022-09-11,2022-10-06,315029.12,0,Rejected,Duplicate Claim,AGT017,North,Disability,25
CLM00808,MEM0286,2022-03-25,2022-05-07,275659.08,253841.31,Settled,,AGT016,East,Full Withdrawal,43
CLM00809,MEM0352,2024-06-28,2024-08-26,1970676.54,1420626.72,Settled,,AGT010,West,Partial Withdrawal,59
CLM00810,MEM0431,2024-09-01,2024-09-12,1997510.49,1635783.17,Settled,,AGT001,South,Death Benefit,11
CLM00811,MEM0268,2022-06-24,2022-07-05,831217.36,766739.54,Settled,,AGT013,South,Full Withdrawal,11
CLM00812,MEM0457,2022-12-12,2023-01-11,710331.71,523392.76,Settled,,AGT007,East,Full Withdrawal,30
CLM00813,MEM0430,2024-05-19,2024-06-16,1207617.44,0,Rejected,Fraudulent Activity Suspected,AGT019,East,Disability,28
CLM00814,MEM0183,2024-09-01,2024-09-07,593836.73,0,Rejected,Incomplete Documentation,AGT017,West,Disability,6
CLM00815,MEM0129,2024-09-29,2024-10-28,107960.86,0,Rejected,Incomplete Documentation,AGT005,South,Disability,29
CLM00816,MEM0256,2022-02-24,2022-04-09,1374448.51,1219094.3,Settled,,AGT020,West,Partial Withdrawal,44
CLM00817,MEM0390,2022-06-06,2022-07-13,622447.72,484575.29,Settled,,AGT007,West,Disability,37
CLM00818,MEM0176,2022-02-06,2022-03-07,798078.26,664613.11,Settled,,AGT004,West,Full Withdrawal,29
CLM00819,MEM0019,2022-03-09,2022-04-28,1008385.24,823572.58,Settled,,AGT006,East,Partial Withdrawal,50
CLM00820,MEM0392,2022-08-13,2022-08-21,1146398.05,937083.47,Settled,,AGT016,West,Disability,8
CLM00821,MEM0254,2024-02-13,2024-02-26,169776.75,161471.31,Settled,,AGT011,East,Death Benefit,13
CLM00822,MEM0179,2022-02-25,,884888.97,0,Pending,,AGT004,West,Death Benefit,
CLM00823,MEM0211,2023-12-21,2023-12-31,507513.07,493869.45,Settled,,AGT008,South,Full Withdrawal,10
CLM00824,MEM0034,2023-09-17,2023-10-21,88438.38,79358.44,Settled,,AGT006,East,Full Withdrawal,34
CLM00825,MEM0217,2024-11-20,2024-12-15,1407119.03,1144439.85,Settled,,AGT001,East,Disability,25
CLM00826,MEM0200,2023-10-23,2023-11-28,1397184.73,1188767.46,Settled,,AGT004,West,Full Withdrawal,36
CLM00827,MEM0392,2023-11-27,2024-01-11,1940384.12,1851514.97,Settled,,AGT012,East,Partial Withdrawal,45
CLM00828,MEM0404,2022-06-04,,142686.15,0,Pending,,AGT009,East,Partial Withdrawal,
CLM00829,MEM0206,2023-04-08,2023-06-03,706834.22,607396.14,Settled,,AGT019,North,Full Withdrawal,56
CLM00830,MEM0219,2023-03-06,2023-04-22,1034047.09,891332.33,Settled,,AGT010,North,Death Benefit,47
CLM00831,MEM0103,2024-04-28,2024-05-18,1054970.0,0,Rejected,Eligibility Criteria Not Met,AGT020,East,Disability,20
CLM00832,MEM0452,2022-02-08,2022-02-25,1338572.12,0,Rejected,Duplicate Claim,AGT007,West,Partial Withdrawal,17
CLM00833,MEM0480,2024-12-27,2024-12-31,441263.65,328803.99,Settled,,AGT017,North,Disability,20
CLM00834,MEM0351,2023-09-07,,1727362.6,0,Pending,,AGT011,West,Disability,
CLM00835,MEM0325,2023-02-21,2023-04-05,1309783.17,1009631.88,Settled,,AGT010,East,Disability,43
CLM00836,MEM0123,2022-08-21,2022-09-07,528893.89,0,Rejected,Fraudulent Activity Suspected,AGT001,South,Partial Withdrawal,17
CLM00837,MEM0287,2024-06-12,2024-07-03,360749.05,337986.13,Settled,,AGT007,North,Disability,21
CLM00838,MEM0143,2022-12-27,,157888.18,0,Pending,,AGT001,West,Full Withdrawal,
CLM00839,MEM0161,2023-09-03,,1359760.54,0,Pending,,AGT012,West,Full Withdrawal,
CLM00840,MEM0204,2022-10-15,,1482236.79,0,Pending,,AGT019,North,Partial Withdrawal,
CLM00841,MEM0268,2024-12-11,2024-12-31,514249.87,408326.28,Settled,,AGT003,West,Death Benefit,56
CLM00842,MEM0427,2024-03-09,2024-03-31,331341.92,275624.33,Settled,,AGT007,West,Partial Withdrawal,22
CLM00843,MEM0131,2022-04-25,2022-06-12,667155.4,516314.24,Settled,,AGT004,East,Disability,48
CLM00844,MEM0143,2022-10-24,2022-12-06,1651662.46,1173411.75,Settled,,AGT012,West,Death Benefit,43
CLM00845,MEM0379,2022-04-22,2022-06-10,800145.91,647203.24,Settled,,AGT018,East,Partial Withdrawal,49
CLM00846,MEM0416,2022-09-07,,65338.91,0,Pending,,AGT013,West,Partial Withdrawal,
CLM00847,MEM0475,2023-06-08,,629974.66,0,Pending,,AGT008,North,Death Benefit,
CLM00848,MEM0083,2024-06-17,2024-08-10,584371.23,573939.4,Settled,,AGT002,West,Death Benefit,54
CLM00849,MEM0242,2024-04-25,2024-05-14,1657581.69,0,Rejected,Incomplete Documentation,AGT004,West,Death Benefit,19
CLM00850,MEM0181,2024-05-11,2024-05-27,1535852.12,1365444.57,Settled,,AGT001,West,Death Benefit,16
CLM00851,MEM0406,2022-10-06,2022-10-16,1275177.73,935022.11,Settled,,AGT007,West,Full Withdrawal,10
CLM00852,MEM0128,2024-11-23,,930405.3,0,Pending,,AGT011,West,Partial Withdrawal,
CLM00853,MEM0069,2023-06-18,2023-07-04,437394.25,357809.6,Settled,,AGT010,East,Partial Withdrawal,16
CLM00854,MEM0194,2023-04-05,2023-04-15,1311858.04,1301675.75,Settled,,AGT018,North,Full Withdrawal,10
CLM00855,MEM0102,2023-06-21,2023-07-05,1255107.9,912109.98,Settled,,AGT013,North,Partial Withdrawal,14
CLM00856,MEM0189,2022-12-15,,898559.53,0,Pending,,AGT017,North,Full Withdrawal,
CLM00857,MEM0233,2024-10-09,,421561.12,0,Pending,,AGT007,South,Full Withdrawal,
CLM00858,MEM0401,2023-06-30,,303888.7,0,Pending,,AGT013,West,Death Benefit,
CLM00859,MEM0308,2023-03-18,2023-03-21,401721.25,0,Rejected,Duplicate Claim,AGT014,South,Death Benefit,3
CLM00860,MEM0500,2023-06-21,2023-07-08,770793.59,0,Rejected,Incomplete Documentation,AGT008,West,Partial Withdrawal,17
CLM00861,MEM0006,2024-08-18,2024-09-12,1389362.28,0,Rejected,Fraudulent Activity Suspected,AGT013,East,Partial Withdrawal,25
CLM00862,MEM0377,2023-06-09,2023-06-29,164567.01,138446.89,Settled,,AGT018,North,Full Withdrawal,20
CLM00863,MEM0182,2022-04-04,2022-05-04,1258332.86,1134234.32,Settled,,AGT017,East,Full Withdrawal,30
CLM00864,MEM0068,2022-03-26,,1032306.11,0,Pending,,AGT006,East,Partial Withdrawal,
CLM00865,MEM0450,2024-08-16,2024-09-06,1434998.37,1054799.31,Settled,,AGT011,North,Partial Withdrawal,21
CLM00866,MEM0023,2022-09-19,2022-10-10,1856162.23,1640623.69,Settled,,AGT012,East,Disability,21
CLM00867,MEM0390,2023-06-25,,665308.69,0,Pending,,AGT006,West,Death Benefit,
CLM00868,MEM0392,2022-11-06,2022-11-13,339810.57,285805.92,Settled,,AGT007,North,Disability,7
CLM00869,MEM0084,2024-08-14,2024-10-03,129543.83,112477.25,Settled,,AGT016,North,Disability,50
CLM00870,MEM0235,2024-10-06,2024-10-29,731728.39,551866.98,Settled,,AGT004,South,Full Withdrawal,23
CLM00871,MEM0087,2024-11-07,2024-12-31,1996108.88,1739082.6,Settled,,AGT019,South,Death Benefit,54
CLM00872,MEM0214,2022-06-07,2022-07-25,1780367.01,1770397.56,Settled,,AGT004,West,Partial Withdrawal,48
CLM00873,MEM0063,2024-03-18,2024-05-15,349862.16,319183.45,Settled,,AGT011,North,Death Benefit,58
CLM00874,MEM0246,2024-07-18,2024-08-04,1941052.5,0,Rejected,Duplicate Claim,AGT011,North,Death Benefit,17
CLM00875,MEM0486,2022-09-22,2022-10-01,680183.15,587778.14,Settled,,AGT010,North,Partial Withdrawal,9
CLM00876,MEM0309,2024-02-21,,397121.06,0,Pending,,AGT009,West,Full Withdrawal,
CLM00877,MEM0444,2024-03-27,2024-04-08,367734.33,0,Rejected,Eligibility Criteria Not Met,AGT007,North,Full Withdrawal,12
CLM00878,MEM0062,2023-09-04,2023-10-01,1812281.83,1630430.38,Settled,,AGT010,West,Disability,27
CLM00879,MEM0427,2024-01-23,2024-03-04,1776555.43,1563550.39,Settled,,AGT015,West,Partial Withdrawal,41
CLM00880,MEM0047,2024-05-15,2024-06-21,1279838.2,1027100.17,Settled,,AGT014,South,Death Benefit,37
CLM00881,MEM0238,2023-04-05,2023-04-28,1277641.18,1073813.65,Settled,,AGT017,West,Partial Withdrawal,23
CLM00882,MEM0041,2024-09-05,2024-09-25,1384412.18,1186341.03,Settled,,AGT005,South,Death Benefit,20
CLM00883,MEM0152,2022-04-08,2022-04-19,259882.73,218144.77,Settled,,AGT017,North,Full Withdrawal,11
CLM00884,MEM0369,2023-06-03,2023-06-15,209450.64,193145.92,Settled,,AGT019,East,Death Benefit,12
CLM00885,MEM0237,2023-01-03,,212416.6,0,Pending,,AGT002,West,Partial Withdrawal,
CLM00886,MEM0153,2023-10-05,2023-12-04,1625276.43,1532638.6,Settled,,AGT020,West,Disability,60
CLM00887,MEM0109,2023-01-15,2023-02-14,895907.9,658495.42,Settled,,AGT004,East,Full Withdrawal,30
CLM00888,MEM0088,2024-09-04,2024-10-31,1465527.24,1454061.79,Settled,,AGT020,West,Disability,57
CLM00889,MEM0185,2024-03-19,2024-05-15,313472.2,220924.41,Settled,,AGT005,North,Death Benefit,57
CLM00890,MEM0497,2023-01-21,2023-02-22,1314815.28,1252528.42,Settled,,AGT016,South,Full Withdrawal,32
CLM00891,MEM0440,2023-01-26,2023-02-07,338923.01,254135.2,Settled,,AGT015,East,Full Withdrawal,12
CLM00892,MEM0079,2024-06-30,2024-07-17,1726603.07,1361339.19,Settled,,AGT001,West,Disability,17
CLM00893,MEM0425,2024-03-13,2024-03-29,250193.87,0,Rejected,Fraudulent Activity Suspected,AGT001,East,Full Withdrawal,16
CLM00894,MEM0435,2024-10-12,2024-12-02,829376.73,732711.7,Settled,,AGT016,North,Death Benefit,51
CLM00895,MEM0348,2024-09-26,2024-11-05,87088.34,62621.15,Settled,,AGT017,North,Partial Withdrawal,40
CLM00896,MEM0458,2024-05-04,2024-06-06,1264258.55,1149532.56,Settled,,AGT016,North,Disability,33
CLM00897,MEM0011,2022-11-27,2022-12-16,720502.41,631374.54,Settled,,AGT016,South,Death Benefit,19
CLM00898,MEM0351,2023-11-26,2023-12-27,1459840.26,1386737.63,Settled,,AGT010,South,Disability,31
CLM00899,MEM0345,2024-01-08,2024-01-13,454056.75,0,Rejected,Fraudulent Activity Suspected,AGT020,South,Disability,5
CLM00900,MEM0067,2022-12-21,2023-01-08,1009762.18,0,Rejected,Duplicate Claim,AGT020,South,Partial Withdrawal,18
CLM00901,MEM0121,2023-03-05,2023-03-20,1767766.91,1330093.35,Settled,,AGT012,North,Full Withdrawal,15
CLM00902,MEM0441,2024-10-28,2024-11-09,889709.9,772797.07,Settled,,AGT011,North,Full Withdrawal,12
CLM00903,MEM0250,2023-06-13,2023-06-27,1551685.04,1483445.72,Settled,,AGT002,East,Death Benefit,14
CLM00904,MEM0448,2024-11-21,,1608024.43,0,Pending,,AGT015,North,Full Withdrawal,
CLM00905,MEM0387,2022-08-16,2022-09-30,131840.4,96957.78,Settled,,AGT018,North,Full Withdrawal,45
CLM00906,MEM0106,2024-01-11,2024-03-11,1535831.15,1120831.56,Settled,,AGT015,East,Partial Withdrawal,60
CLM00907,MEM0332,2024-01-15,2024-02-15,1704760.43,1586732.69,Settled,,AGT004,South,Death Benefit,31
CLM00908,MEM0004,2023-05-18,2023-06-15,1034794.32,946381.41,Settled,,AGT010,East,Disability,28
CLM00909,MEM0213,2024-01-09,2024-03-05,872358.31,722876.97,Settled,,AGT017,South,Partial Withdrawal,56
CLM00910,MEM0471,2024-04-18,2024-05-13,913028.44,0,Rejected,Policy Lapsed,AGT001,East,Disability,25
CLM00911,MEM0484,2022-05-23,2022-06-08,833219.19,0,Rejected,Incomplete Documentation,AGT011,East,Full Withdrawal,16
CLM00912,MEM0202,2022-03-17,2022-05-04,1946689.24,1771948.8,Settled,,AGT017,North,Partial Withdrawal,48
CLM00913,MEM0448,2023-09-16,,1662656.93,0,Pending,,AGT001,East,Death Benefit,
CLM00914,MEM0313,2022-10-28,2022-12-11,1780780.53,1594886.86,Settled,,AGT007,West,Disability,44
CLM00915,MEM0358,2023-12-09,2024-01-07,214347.8,196670.45,Settled,,AGT010,South,Disability,29
CLM00916,MEM0379,2022-09-16,2022-10-12,1047759.63,971392.51,Settled,,AGT003,South,Death Benefit,26
CLM00917,MEM0082,2022-02-17,2022-03-21,1672846.52,1666299.68,Settled,,AGT008,East,Full Withdrawal,32
CLM00918,MEM0057,2022-05-03,2022-06-18,741223.02,728179.65,Settled,,AGT017,East,Death Benefit,46
CLM00919,MEM0230,2023-09-03,2023-09-24,1966753.6,0,Rejected,Policy Lapsed,AGT011,West,Full Withdrawal,21
CLM00920,MEM0366,2024-12-28,2024-12-31,604844.22,0,Rejected,Policy Lapsed,AGT010,East,Partial Withdrawal,25
CLM00921,MEM0345,2022-10-14,2022-12-10,689301.58,643507.73,Settled,,AGT004,South,Disability,57
CLM00922,MEM0233,2022-07-20,2022-08-02,209796.97,176832.81,Settled,,AGT014,West,Partial Withdrawal,13
CLM00923,MEM0229,2022-06-09,2022-07-09,1139988.48,0,Rejected,Duplicate Claim,AGT019,West,Death Benefit,30
CLM00924,MEM0300,2024-10-18,2024-11-02,1476848.07,1097746.86,Settled,,AGT016,West,Disability,15
CLM00925,MEM0066,2024-09-19,2024-10-07,1733379.73,1450196.98,Settled,,AGT017,South,Disability,18
CLM00926,MEM0017,2022-11-18,2022-12-16,1712019.71,1492075.56,Settled,,AGT020,North,Death Benefit,28
CLM00927,MEM0021,2024-12-06,2024-12-29,644602.96,545190.78,Settled,,AGT012,North,Partial Withdrawal,23
CLM00928,MEM0406,2022-10-20,2022-11-12,1876800.28,1435141.2,Settled,,AGT002,West,Partial Withdrawal,23
CLM00929,MEM0420,2024-09-28,,729865.44,0,Pending,,AGT018,North,Full Withdrawal,
CLM00930,MEM0214,2024-09-12,2024-11-02,1573631.23,1495114.96,Settled,,AGT011,West,Death Benefit,51
CLM00931,MEM0068,2022-10-11,2022-10-16,340516.05,0,Rejected,Policy Lapsed,AGT015,West,Disability,5
CLM00932,MEM0341,2024-04-18,2024-06-04,711045.87,687590.56,Settled,,AGT013,South,Disability,47
CLM00933,MEM0377,2023-07-23,2023-08-17,1165389.85,0,Rejected,Duplicate Claim,AGT001,South,Full Withdrawal,25
CLM00934,MEM0288,2022-09-11,2022-10-02,1106576.94,0,Rejected,Policy Lapsed,AGT020,South,Full Withdrawal,21
CLM00935,MEM0097,2024-09-01,2024-10-26,400499.63,305077.19,Settled,,AGT018,North,Full Withdrawal,55
CLM00936,MEM0425,2024-06-28,2024-07-04,1198341.4,961054.18,Settled,,AGT013,East,Full Withdrawal,6
CLM00937,MEM0093,2024-04-29,2024-05-10,551496.7,475684.53,Settled,,AGT013,East,Full Withdrawal,11
CLM00938,MEM0147,2022-10-22,,350743.37,0,Pending,,AGT003,East,Partial Withdrawal,
CLM00939,MEM0348,2022-12-13,2023-01-11,102983.83,75139.4,Settled,,AGT006,East,Full Withdrawal,29
CLM00940,MEM0073,2024-04-25,,1886076.15,0,Pending,,AGT013,East,Death Benefit,
CLM00941,MEM0027,2023-02-19,2023-03-03,1041811.48,813432.09,Settled,,AGT016,South,Partial Withdrawal,12
CLM00942,MEM0163,2024-08-09,2024-08-15,106367.55,83046.24,Settled,,AGT016,North,Disability,6
CLM00943,MEM0494,2022-07-27,2022-09-24,1158078.99,1031546.93,Settled,,AGT010,South,Partial Withdrawal,59
CLM00944,MEM0105,2022-10-19,2022-11-28,1098194.48,917566.31,Settled,,AGT008,South,Death Benefit,40
CLM00945,MEM0001,2024-08-09,,167341.31,0,Pending,,AGT001,South,Death Benefit,
CLM00946,MEM0140,2023-05-29,2023-06-05,1191060.37,891419.23,Settled,,AGT007,East,Disability,7
CLM00947,MEM0274,2022-05-24,2022-06-19,1411937.15,0,Rejected,Policy Lapsed,AGT013,North,Death Benefit,26
CLM00948,MEM0144,2024-06-03,,1288581.27,0,Pending,,AGT011,East,Partial Withdrawal,
CLM00949,MEM0363,2024-07-16,2024-08-28,716178.12,571894.85,Settled,,AGT011,South,Death Benefit,43
CLM00950,MEM0468,2022-10-01,2022-10-17,1807817.74,0,Rejected,Policy Lapsed,AGT001,West,Full Withdrawal,16
CLM00951,MEM0459,2024-09-28,,1100366.19,0,Pending,,AGT003,North,Disability,
CLM00952,MEM0418,2024-06-30,2024-07-16,1663560.33,1583283.13,Settled,,AGT013,East,Full Withdrawal,16
CLM00953,MEM0416,2022-01-18,2022-02-06,1875683.31,1731149.41,Settled,,AGT012,West,Full Withdrawal,19
CLM00954,MEM0389,2023-07-30,2023-09-24,1641747.61,1502761.95,Settled,,AGT003,South,Death Benefit,56
CLM00955,MEM0120,2024-10-08,2024-10-30,1011033.86,0,Rejected,Eligibility Criteria Not Met,AGT009,North,Death Benefit,22
CLM00956,MEM0004,2023-02-06,2023-03-18,1159749.35,879242.02,Settled,,AGT009,North,Disability,40
CLM00957,MEM0379,2022-12-26,,298490.28,0,Pending,,AGT003,South,Full Withdrawal,
CLM00958,MEM0439,2023-04-12,2023-05-02,1984305.14,0,Rejected,Policy Lapsed,AGT001,South,Death Benefit,20
CLM00959,MEM0130,2024-07-18,2024-09-15,1715026.63,1712508.87,Settled,,AGT002,West,Full Withdrawal,59
CLM00960,MEM0141,2022-09-07,2022-10-28,1058650.98,812371.14,Settled,,AGT012,West,Disability,51
CLM00961,MEM0143,2024-05-10,2024-06-20,814124.83,767151.35,Settled,,AGT001,East,Disability,41
CLM00962,MEM0378,2023-04-08,2023-04-17,433909.79,385224.42,Settled,,AGT008,North,Disability,9
CLM00963,MEM0050,2022-02-27,2022-03-25,1205435.0,1147757.68,Settled,,AGT001,West,Disability,26
CLM00964,MEM0127,2022-08-09,2022-08-28,1673409.15,0,Rejected,Eligibility Criteria Not Met,AGT011,South,Disability,19
CLM00965,MEM0484,2022-05-30,2022-06-07,1178922.22,1149466.04,Settled,,AGT015,North,Disability,8
CLM00966,MEM0194,2023-10-04,2023-10-28,1842275.79,1627137.76,Settled,,AGT002,South,Full Withdrawal,24
CLM00967,MEM0222,2022-05-15,2022-05-30,151796.13,0,Rejected,Incomplete Documentation,AGT018,North,Full Withdrawal,15
CLM00968,MEM0317,2024-04-21,2024-05-13,798644.05,0,Rejected,Policy Lapsed,AGT015,North,Partial Withdrawal,22
CLM00969,MEM0052,2023-11-27,2023-12-08,689977.65,485528.01,Settled,,AGT017,West,Full Withdrawal,11
CLM00970,MEM0366,2022-05-19,2022-07-09,549757.9,487225.83,Settled,,AGT017,South,Partial Withdrawal,51
CLM00971,MEM0096,2023-05-13,2023-06-19,298977.46,295366.53,Settled,,AGT002,North,Partial Withdrawal,37
CLM00972,MEM0387,2024-01-03,2024-01-26,965571.33,782739.43,Settled,,AGT005,South,Death Benefit,23
CLM00973,MEM0005,2024-11-26,2024-12-26,1038860.34,0,Rejected,Incomplete Documentation,AGT008,North,Partial Withdrawal,30
CLM00974,MEM0217,2023-12-06,2024-01-22,1581264.42,1332559.23,Settled,,AGT007,South,Partial Withdrawal,47
CLM00975,MEM0355,2024-08-15,2024-08-26,634281.6,530443.76,Settled,,AGT020,East,Death Benefit,11
CLM00976,MEM0405,2022-03-28,2022-04-14,1295595.75,0,Rejected,Policy Lapsed,AGT001,South,Disability,17
CLM00977,MEM0110,2023-05-05,2023-05-10,450366.9,364277.08,Settled,,AGT013,East,Disability,5
CLM00978,MEM0038,2024-01-03,2024-02-14,616623.62,600475.87,Settled,,AGT005,North,Full Withdrawal,42
CLM00979,MEM0185,2022-03-31,2022-04-21,603996.72,553050.2,Settled,,AGT007,South,Full Withdrawal,21
CLM00980,MEM0174,2023-05-19,2023-05-30,393350.98,277823.06,Settled,,AGT001,South,Partial Withdrawal,11
CLM00981,MEM0347,2022-10-09,2022-10-29,1875422.5,1520765.47,Settled,,AGT011,North,Disability,20
CLM00982,MEM0191,2022-12-17,,331642.88,0,Pending,,AGT004,North,Disability,
CLM00983,MEM0407,2023-01-24,2023-03-10,670005.64,518158.84,Settled,,AGT012,West,Partial Withdrawal,45
CLM00984,MEM0024,2023-01-23,2023-02-14,531984.71,511692.39,Settled,,AGT011,South,Death Benefit,22
CLM00985,MEM0436,2024-11-06,2024-11-28,1580097.18,0,Rejected,Incomplete Documentation,AGT003,South,Disability,22
CLM00986,MEM0086,2024-11-07,2024-12-27,1061840.11,862387.9,Settled,,AGT016,East,Disability,50
CLM00987,MEM0356,2024-09-16,2024-11-10,1183314.04,1035630.28,Settled,,AGT009,West,Disability,55
CLM00988,MEM0019,2023-03-01,2023-03-25,1733178.11,1434216.77,Settled,,AGT015,South,Partial Withdrawal,24
CLM00989,MEM0194,2022-11-18,2022-11-30,215279.89,0,Rejected,Fraudulent Activity Suspected,AGT018,East,Death Benefit,12
CLM00990,MEM0266,2023-12-22,2024-01-24,1048911.07,881363.57,Settled,,AGT015,North,Partial Withdrawal,33
CLM00991,MEM0210,2024-01-23,2024-02-11,795623.31,620337.52,Settled,,AGT009,East,Disability,19
CLM00992,MEM0039,2024-01-06,2024-03-01,1049942.43,822028.79,Settled,,AGT017,East,Full Withdrawal,55
CLM00993,MEM0117,2022-07-21,2022-08-07,124648.7,112499.47,Settled,,AGT012,North,Full Withdrawal,17
CLM00994,MEM0129,2023-09-12,,1996091.63,0,Pending,,AGT020,South,Death Benefit,
CLM00995,MEM0386,2023-06-19,2023-07-04,1653502.27,0,Rejected,Fraudulent Activity Suspected,AGT010,East,Full Withdrawal,15
CLM00996,MEM0421,2022-01-25,2022-02-03,493778.06,0,Rejected,Fraudulent Activity Suspected,AGT013,South,Disability,9
CLM00997,MEM0120,2024-11-22,2024-12-09,1594234.03,1321042.73,Settled,,AGT011,West,Disability,17
CLM00998,MEM0483,2024-05-05,2024-05-18,1713241.04,1496092.08,Settled,,AGT015,West,Partial Withdrawal,13
CLM00999,MEM0066,2023-09-18,2023-11-05,712653.37,659765.83,Settled,,AGT012,West,Full Withdrawal,48
CLM01000,MEM0391,2023-09-06,,1581447.73,0,Pending,,AGT019,North,Death Benefit,
